-- MySQL dump 10.13  Distrib 8.0.19, for Win64 (x86_64)
--
-- Host: localhost    Database: PhucShoe2
-- ------------------------------------------------------
-- Server version	5.7.40

/*!40101 SET @OLD_CHARACTER_SET_CLIENT=@@CHARACTER_SET_CLIENT */;
/*!40101 SET @OLD_CHARACTER_SET_RESULTS=@@CHARACTER_SET_RESULTS */;
/*!40101 SET @OLD_COLLATION_CONNECTION=@@COLLATION_CONNECTION */;
/*!50503 SET NAMES utf8mb4 */;
/*!40103 SET @OLD_TIME_ZONE=@@TIME_ZONE */;
/*!40103 SET TIME_ZONE='+00:00' */;
/*!40014 SET @OLD_UNIQUE_CHECKS=@@UNIQUE_CHECKS, UNIQUE_CHECKS=0 */;
/*!40014 SET @OLD_FOREIGN_KEY_CHECKS=@@FOREIGN_KEY_CHECKS, FOREIGN_KEY_CHECKS=0 */;
/*!40101 SET @OLD_SQL_MODE=@@SQL_MODE, SQL_MODE='NO_AUTO_VALUE_ON_ZERO' */;
/*!40111 SET @OLD_SQL_NOTES=@@SQL_NOTES, SQL_NOTES=0 */;

--
-- Table structure for table `CAROUSEL_PRODUCTS`
--

DROP TABLE IF EXISTS `CAROUSEL_PRODUCTS`;
/*!40101 SET @saved_cs_client     = @@character_set_client */;
/*!50503 SET character_set_client = utf8mb4 */;
CREATE TABLE `CAROUSEL_PRODUCTS` (
  `ID_CAROUSEL` int(11) NOT NULL AUTO_INCREMENT,
  `ID_SAN_PHAM` int(11) DEFAULT NULL,
  `HINH_ANH_NEN_CAROUSEL` varchar(255) COLLATE utf8mb4_unicode_ci DEFAULT NULL,
  `HINH_ANH_ICON_CAROUSEL` varchar(255) COLLATE utf8mb4_unicode_ci DEFAULT NULL,
  `MO_TA_CAROUSEL` text COLLATE utf8mb4_unicode_ci,
  `TRANG_THAI_CAROUSEL` tinyint(1) DEFAULT '1',
  `NGAY_TAO_CAROUSEL` timestamp NOT NULL DEFAULT CURRENT_TIMESTAMP,
  `NGAY_CAP_NHAT_CAROUSEL` timestamp NOT NULL DEFAULT CURRENT_TIMESTAMP ON UPDATE CURRENT_TIMESTAMP,
  PRIMARY KEY (`ID_CAROUSEL`),
  KEY `ID_SAN_PHAM` (`ID_SAN_PHAM`),
  CONSTRAINT `CAROUSEL_PRODUCTS_ibfk_1` FOREIGN KEY (`ID_SAN_PHAM`) REFERENCES `SAN_PHAM` (`ID_SAN_PHAM`)
) ENGINE=InnoDB AUTO_INCREMENT=8 DEFAULT CHARSET=utf8mb4 COLLATE=utf8mb4_unicode_ci;
/*!40101 SET character_set_client = @saved_cs_client */;

--
-- Dumping data for table `CAROUSEL_PRODUCTS`
--

LOCK TABLES `CAROUSEL_PRODUCTS` WRITE;
/*!40000 ALTER TABLE `CAROUSEL_PRODUCTS` DISABLE KEYS */;
INSERT INTO `CAROUSEL_PRODUCTS` VALUES (1,4,'images-1731152930528.jpg','images-1731152930530.png','đây là sản phẩm carousel lv1',1,'2024-11-09 11:46:05','2024-12-10 09:10:24'),(2,25,'images-1731152942604.png','images-1731152942605.png','ádadadadad',1,'2024-11-09 11:49:02','2024-12-10 09:10:27'),(3,22,'images-1731153002072.png','images-1731153002073.png','adasdadad',1,'2024-11-09 11:50:02','2024-12-10 09:10:29'),(4,13,'images-1731153011836.png','images-1731153011838.jpg','adadad',1,'2024-11-09 11:50:11','2024-12-10 09:10:31'),(5,7,'images-1731155158634.png','images-1731155158635.png','adadad1',1,'2024-11-09 11:50:20','2024-12-10 09:10:34'),(6,27,'images-1731157150633.jpg','images-1731155197654.jpg','ádasdasd',1,'2024-11-09 12:26:37','2024-12-10 09:10:36'),(7,17,'images-1731155212880.png','images-1731155212887.png','ádasd',1,'2024-11-09 12:26:52','2024-12-10 09:10:39');
/*!40000 ALTER TABLE `CAROUSEL_PRODUCTS` ENABLE KEYS */;
UNLOCK TABLES;

--
-- Table structure for table `CHAT_LIEU`
--

DROP TABLE IF EXISTS `CHAT_LIEU`;
/*!40101 SET @saved_cs_client     = @@character_set_client */;
/*!50503 SET character_set_client = utf8mb4 */;
CREATE TABLE `CHAT_LIEU` (
  `CHAT_LIEU_ID_` int(11) NOT NULL AUTO_INCREMENT,
  `TEN_CHAT_LIEU_` varchar(255) CHARACTER SET utf8mb4 COLLATE utf8mb4_unicode_ci DEFAULT NULL,
  `CREATED_TEN_CHAT_LIEU_` datetime DEFAULT NULL,
  `UPDATE_CHAT_LIEU` datetime DEFAULT NULL,
  `TRANG_THAI_CHAT_LIEU` int(11) DEFAULT NULL,
  `MO_TA_CHAT_LIEU` text CHARACTER SET utf8mb4 COLLATE utf8mb4_unicode_ci,
  PRIMARY KEY (`CHAT_LIEU_ID_`)
) ENGINE=InnoDB AUTO_INCREMENT=18 DEFAULT CHARSET=utf8;
/*!40101 SET character_set_client = @saved_cs_client */;

--
-- Dumping data for table `CHAT_LIEU`
--

LOCK TABLES `CHAT_LIEU` WRITE;
/*!40000 ALTER TABLE `CHAT_LIEU` DISABLE KEYS */;
INSERT INTO `CHAT_LIEU` VALUES (13,'Da','2024-11-05 15:46:17','2024-11-07 21:36:40',1,'Giày làm bằng chất liệu da là loại giày sử dụng các loại da như da thật, da tổng hợp, hoặc da lộn để sản xuất, mang lại sự sang trọng, bền bỉ và thoải mái cho người dùng.'),(14,'Vải','2024-11-05 16:00:34','2024-11-07 21:36:02',1,'Giày làm bằng chất liệu vải là loại giày sử dụng các loại vải như canvas, denim, lưới (mesh), và nhiều loại vải dệt khác để làm phần thân giày. Loại giày này rất phổ biến vì chúng thoải mái, dễ bảo quản và thường có giá thành phải chăng.'),(15,'Tổng hợp','2024-11-05 16:00:50','2024-11-07 21:35:23',1,'Giày làm từ chất liệu tổng hợp là giày được sản xuất từ các vật liệu nhân tạo, không phải tự nhiên'),(16,'Cao su','2024-11-05 16:01:04','2024-11-05 16:27:22',1,'một trong những chất liệu phổ biến được sử dụng trong sản xuất giày, đặc biệt là trong đế giày. Dưới đây là một số thông tin về cao su và ứng dụng của nó trong giày:'),(17,'Chất liệu tổng hợp ','2024-11-05 16:02:10','2024-11-05 16:26:39',1,'Các loại chất liệu như EVA (ethylene-vinyl acetate) thường được sử dụng cho đế giày, nhẹ và có khả năng đàn hồi tốt.');
/*!40000 ALTER TABLE `CHAT_LIEU` ENABLE KEYS */;
UNLOCK TABLES;

--
-- Table structure for table `CHI_TIET_HOA_DON`
--

DROP TABLE IF EXISTS `CHI_TIET_HOA_DON`;
/*!40101 SET @saved_cs_client     = @@character_set_client */;
/*!50503 SET character_set_client = utf8mb4 */;
CREATE TABLE `CHI_TIET_HOA_DON` (
  `ID_CHI_TIET_HOA_DON` int(11) NOT NULL AUTO_INCREMENT,
  `ID_SAN_PHAM` int(11) NOT NULL,
  `ID_DON_HANG` int(11) NOT NULL,
  `SO_LUONG_SP` int(11) DEFAULT NULL,
  `GIA_SAN_PHAM_CHI_TIET` float DEFAULT NULL,
  `DANH_GIA` varchar(255) DEFAULT NULL,
  `BINH_LUAN` varchar(255) CHARACTER SET utf8mb4 COLLATE utf8mb4_unicode_ci DEFAULT NULL,
  PRIMARY KEY (`ID_CHI_TIET_HOA_DON`),
  KEY `FK_CHI_TIET_CO_CHI_TI_DON_HANG` (`ID_DON_HANG`),
  KEY `FK_CHI_TIET__UOC_CHI__SAN_PHAM` (`ID_SAN_PHAM`),
  CONSTRAINT `FK_CHI_TIET_CO_CHI_TI_DON_HANG` FOREIGN KEY (`ID_DON_HANG`) REFERENCES `DON_HANG` (`ID_DON_HANG`),
  CONSTRAINT `FK_CHI_TIET__UOC_CHI__SAN_PHAM` FOREIGN KEY (`ID_SAN_PHAM`) REFERENCES `SAN_PHAM` (`ID_SAN_PHAM`)
) ENGINE=InnoDB AUTO_INCREMENT=75 DEFAULT CHARSET=latin1;
/*!40101 SET character_set_client = @saved_cs_client */;

--
-- Dumping data for table `CHI_TIET_HOA_DON`
--

LOCK TABLES `CHI_TIET_HOA_DON` WRITE;
/*!40000 ALTER TABLE `CHI_TIET_HOA_DON` DISABLE KEYS */;
INSERT INTO `CHI_TIET_HOA_DON` VALUES (1,5,16,2,250000,'4','giày này đẹp á'),(27,11,15,5,1400000,'5','giày này chất lượng tốt như người yêu cũ '),(28,5,15,1,250000,'4','giày này nghe hay xỉu '),(29,8,16,5,900000,NULL,NULL),(30,4,16,1,150000,NULL,NULL),(31,8,17,5,900000,NULL,NULL),(32,4,17,1,150000,NULL,NULL),(33,8,18,5,900000,NULL,NULL),(34,4,18,1,150000,NULL,NULL),(35,8,19,5,900000,NULL,NULL),(36,4,19,1,150000,NULL,NULL),(37,4,20,1,150000,NULL,NULL),(38,8,26,1,180000,NULL,NULL),(39,10,27,1,220000,NULL,NULL),(40,11,28,1,280000,NULL,NULL),(41,11,29,1,280000,NULL,NULL),(42,8,30,1,180000,NULL,NULL),(43,8,31,1,180000,NULL,NULL),(44,10,32,2,440000,NULL,NULL),(45,11,32,2,560000,NULL,NULL),(46,7,32,1,300000,NULL,NULL),(47,13,32,2,320000,NULL,NULL),(48,7,33,1,300000,NULL,NULL),(49,10,33,2,440000,NULL,NULL),(50,11,33,2,560000,NULL,NULL),(51,13,33,2,320000,NULL,NULL),(52,13,34,1,160000,NULL,NULL),(53,17,35,1,230000,'3','giày này đẹp như người cũ tôi '),(54,17,36,1,230000,NULL,NULL),(55,17,37,1,230000,NULL,NULL),(56,17,38,1,230000,NULL,NULL),(57,17,39,1,230000,NULL,NULL),(58,17,40,1,230000,NULL,NULL),(59,17,41,1,230000,NULL,NULL),(60,11,42,3,840000,NULL,NULL),(61,11,43,3,840000,NULL,NULL),(62,5,44,1,250000,'5','giày này cute quá trời, y chang crush tôi'),(63,8,45,2,360000,NULL,NULL),(64,5,45,1,250000,NULL,NULL),(65,14,46,2,520000,'5','cái này xinh xỉu '),(66,5,46,1,250000,'5','cái này cũng oke '),(67,11,46,4,1120000,'5','xinh như crush'),(68,8,46,2,360000,'5','oke em'),(69,12,21,1,440000,'1','asfgaiusfgui'),(70,12,24,1,440000,'2','asdasd'),(71,11,25,1,440000,'1','asdas'),(72,8,21,1,440000,NULL,NULL),(73,23,22,1,440000,NULL,NULL),(74,11,23,1,560000,NULL,NULL);
/*!40000 ALTER TABLE `CHI_TIET_HOA_DON` ENABLE KEYS */;
UNLOCK TABLES;

--
-- Table structure for table `CONVERSATIONS`
--

DROP TABLE IF EXISTS `CONVERSATIONS`;
/*!40101 SET @saved_cs_client     = @@character_set_client */;
/*!50503 SET character_set_client = utf8mb4 */;
CREATE TABLE `CONVERSATIONS` (
  `ID_CONVERSATION` int(11) NOT NULL AUTO_INCREMENT,
  `ID_NGUOI_DUNG_1` int(11) NOT NULL,
  `ID_NGUOI_DUNG_2` int(11) NOT NULL,
  `NGAY_TAO` date DEFAULT NULL,
  PRIMARY KEY (`ID_CONVERSATION`),
  KEY `ID_NGUOI_DUNG_1` (`ID_NGUOI_DUNG_1`),
  KEY `ID_NGUOI_DUNG_2` (`ID_NGUOI_DUNG_2`),
  CONSTRAINT `CONVERSATIONS_ibfk_1` FOREIGN KEY (`ID_NGUOI_DUNG_1`) REFERENCES `NGUOI_DUNG` (`ID_NGUOI_DUNG`) ON DELETE CASCADE,
  CONSTRAINT `CONVERSATIONS_ibfk_2` FOREIGN KEY (`ID_NGUOI_DUNG_2`) REFERENCES `NGUOI_DUNG` (`ID_NGUOI_DUNG`) ON DELETE CASCADE
) ENGINE=InnoDB AUTO_INCREMENT=7 DEFAULT CHARSET=utf8mb4 COLLATE=utf8mb4_unicode_ci;
/*!40101 SET character_set_client = @saved_cs_client */;

--
-- Dumping data for table `CONVERSATIONS`
--

LOCK TABLES `CONVERSATIONS` WRITE;
/*!40000 ALTER TABLE `CONVERSATIONS` DISABLE KEYS */;
INSERT INTO `CONVERSATIONS` VALUES (4,6,3,'2024-11-26'),(5,3,3,'2024-11-26'),(6,3,1,'2024-12-11');
/*!40000 ALTER TABLE `CONVERSATIONS` ENABLE KEYS */;
UNLOCK TABLES;

--
-- Table structure for table `CO_KICH_CO`
--

DROP TABLE IF EXISTS `CO_KICH_CO`;
/*!40101 SET @saved_cs_client     = @@character_set_client */;
/*!50503 SET character_set_client = utf8mb4 */;
CREATE TABLE `CO_KICH_CO` (
  `ID_SAN_PHAM` int(11) NOT NULL,
  `ID_KICH_CO` int(11) NOT NULL,
  PRIMARY KEY (`ID_SAN_PHAM`,`ID_KICH_CO`),
  KEY `FK_CO_KICH__CO_KICH_C_KICH_CO` (`ID_KICH_CO`),
  CONSTRAINT `FK_CO_KICH__CO_KICH_C_KICH_CO` FOREIGN KEY (`ID_KICH_CO`) REFERENCES `KICH_CO` (`ID_KICH_CO`),
  CONSTRAINT `FK_CO_KICH__CO_KICH_C_SAN_PHAM` FOREIGN KEY (`ID_SAN_PHAM`) REFERENCES `SAN_PHAM` (`ID_SAN_PHAM`)
) ENGINE=InnoDB DEFAULT CHARSET=latin1;
/*!40101 SET character_set_client = @saved_cs_client */;

--
-- Dumping data for table `CO_KICH_CO`
--

LOCK TABLES `CO_KICH_CO` WRITE;
/*!40000 ALTER TABLE `CO_KICH_CO` DISABLE KEYS */;
INSERT INTO `CO_KICH_CO` VALUES (4,1),(36,1),(38,1),(39,1);
/*!40000 ALTER TABLE `CO_KICH_CO` ENABLE KEYS */;
UNLOCK TABLES;

--
-- Table structure for table `DON_HANG`
--

DROP TABLE IF EXISTS `DON_HANG`;
/*!40101 SET @saved_cs_client     = @@character_set_client */;
/*!50503 SET character_set_client = utf8mb4 */;
CREATE TABLE `DON_HANG` (
  `ID_DON_HANG` int(11) NOT NULL AUTO_INCREMENT,
  `ID_NGUOI_DUNG` int(11) NOT NULL,
  `ID_THANH_TOAN` int(11) NOT NULL,
  `TONG_TIEN` float DEFAULT NULL,
  `TRANG_THAI_DON_HANG` varchar(255) CHARACTER SET utf8mb4 COLLATE utf8mb4_unicode_ci DEFAULT NULL,
  `GHI_CHU_DONHANG` varchar(255) DEFAULT NULL,
  `NGAY_CAP_NHAT_DONHANG` datetime DEFAULT NULL,
  `NGAY_TAO_DONHANG` datetime DEFAULT NULL,
  `ID_ODER` varchar(255) CHARACTER SET utf8mb4 COLLATE utf8mb4_unicode_ci DEFAULT NULL,
  `SO_DIEN_THOAI_DON_HANG` varchar(255) DEFAULT NULL,
  `DIA_CHI_DON_HANG` varchar(255) CHARACTER SET utf8mb4 COLLATE utf8mb4_unicode_ci DEFAULT NULL,
  PRIMARY KEY (`ID_DON_HANG`),
  KEY `FK_DON_HANG_CO_THANH__THANH_TO` (`ID_THANH_TOAN`),
  KEY `FK_DON_HANG_TAO__ON_H_NGUOI_DU` (`ID_NGUOI_DUNG`),
  CONSTRAINT `FK_DON_HANG_CO_THANH__THANH_TO` FOREIGN KEY (`ID_THANH_TOAN`) REFERENCES `THANH_TOAN` (`ID_THANH_TOAN`),
  CONSTRAINT `FK_DON_HANG_TAO__ON_H_NGUOI_DU` FOREIGN KEY (`ID_NGUOI_DUNG`) REFERENCES `NGUOI_DUNG` (`ID_NGUOI_DUNG`)
) ENGINE=InnoDB AUTO_INCREMENT=47 DEFAULT CHARSET=latin1;
/*!40101 SET character_set_client = @saved_cs_client */;

--
-- Dumping data for table `DON_HANG`
--

LOCK TABLES `DON_HANG` WRITE;
/*!40000 ALTER TABLE `DON_HANG` DISABLE KEYS */;
INSERT INTO `DON_HANG` VALUES (15,6,1,1650000,'Giao dịch thành công',NULL,'2024-11-21 14:44:32','2024-11-21 14:41:51','PhucShoes - Mã đơn hàng: 8d97680f-7663-4420-87ce-52a4b1ec9ed6',NULL,NULL),(16,6,1,1050000,'Đã hủy',NULL,'2024-11-26 01:27:32','2024-11-22 03:32:18','PhucShoes - Mã đơn hàng: 7057f877-b3c1-48e1-8db4-e523e2a550ad',NULL,NULL),(17,6,1,1050000,'Đã hủy',NULL,'2024-11-26 01:27:30','2024-11-22 03:34:15','PhucShoes - Mã đơn hàng: a9415f7e-f412-41fc-b0e4-f098a76e7122',NULL,NULL),(18,6,1,1050000,'Đã hủy',NULL,'2024-11-22 03:35:35','2024-11-22 03:35:35','PhucShoes - Mã đơn hàng: 9fdc7f8c-a6ae-4647-b1b3-14ad91e69192',NULL,NULL),(19,6,2,1050000,'Giao dịch thành công',NULL,'2024-11-26 01:40:25','2024-11-22 03:42:03','PhucShoes - Mã đơn hàng: 1ecae621-f8ff-44fd-86f4-611028388a6f',NULL,NULL),(20,6,1,150000,'Đã hủy',NULL,'2024-11-26 01:10:22','2024-11-24 15:42:13','PhucShoes - Mã đơn hàng: 5d9bffbb-efb2-4d4f-b209-cbf75bab00ff',NULL,NULL),(21,3,1,180000,'Giao dịch thành công',NULL,'2024-11-26 01:10:16','2024-11-26 05:00:25','PhucShoes - Mã đơn hàng: 31957740-4cf6-450d-b39b-5cb5dece87db','0327434210','Đường 28, [object Object], [object Object], [object Object]'),(22,3,1,180000,'Đã hủy',NULL,'2024-11-26 01:10:11','2024-11-26 05:05:42','PhucShoes - Mã đơn hàng: 3751b68d-9841-4e9f-987e-79b4e0ac7359','032743421','12, [object Object], [object Object], [object Object]'),(23,3,1,180000,'Đã hủy',NULL,'2024-11-26 01:09:53','2024-11-26 05:09:02','PhucShoes - Mã đơn hàng: 69553b3e-ae84-4f9a-b952-bdb53167eec2','327123121','12, Giáo Hiệu, Pác Nặm, Bắc Kạn'),(24,3,1,180000,'Giao dịch thành công',NULL,'2024-11-26 00:50:05','2024-11-26 05:14:47','PhucShoes - Mã đơn hàng: 6b44e19f-82e2-4d62-bd01-08cb3c5b549b','032743412','21, Kép, Lạng Giang, Bắc Giang'),(25,3,1,180000,'Giao dịch thành công',NULL,'2024-11-26 00:49:44','2024-11-26 05:18:17','PhucShoes - Mã đơn hàng: d51597ca-e377-45b9-a6f4-caef3be279eb','0327434821','21, Long Điền, Đông Hải, Bạc Liêu'),(26,3,1,180000,'Đã hủy',NULL,'2024-11-26 00:49:34','2024-11-26 05:19:35','PhucShoes - Mã đơn hàng: 5894962f-6fcc-4795-8e18-73bbd4f17d11','0327434274','21, Châu Minh, Hiệp Hòa, Bắc Giang'),(27,3,2,220000,'Đã hủy',NULL,'2024-12-10 07:09:15','2024-11-29 23:45:23','PhucShoes - Mã đơn hàng: c2f7ca6e-547d-4079-9a44-f373801ea5d3','0327434821','null, undefined, undefined, undefined'),(28,3,2,280000,'Đã hủy',NULL,'2024-12-10 07:09:13','2024-11-29 23:53:47','PhucShoes - Mã đơn hàng: 3d924a6e-c004-4f7d-bb1e-92ca90a3588f','0327434821','null, undefined, undefined, undefined'),(29,3,2,280000,'Đã hủy',NULL,'2024-12-10 07:09:12','2024-11-29 23:54:05','PhucShoes - Mã đơn hàng: 497cae4e-19f1-4502-9ee0-ed3a08613454','0327434821','null, undefined, undefined, undefined'),(30,6,1,180000,'Đã thanh toán thành công và đang chờ giao hàng',NULL,'2024-12-01 14:52:13','2024-12-01 14:51:21','PhucShoes - Mã đơn hàng: 8909fd0c-6a73-4d4e-932e-7dc335ba7db6','0327434821','null, undefined, undefined, undefined'),(31,6,2,180000,'Đang chờ thanh toán',NULL,'2024-12-01 17:18:31','2024-12-01 17:18:31','PhucShoes - Mã đơn hàng: 74a49d87-3f5e-4b0f-adfb-afa638f3a629','0327434821','null, undefined, undefined, undefined'),(32,6,2,1620000,'Đang chờ thanh toán',NULL,'2024-12-01 17:26:07','2024-12-01 17:26:07','PhucShoes - Mã đơn hàng: 736af26e-8e3d-4bdd-b46f-d26bdf687f1c','0327434821','Xã Chánh An, Huyện Mang Thít, Tỉnh Vĩnh Long'),(33,6,2,1620000,'Đang chờ thanh toán',NULL,'2024-12-01 17:26:15','2024-12-01 17:26:15','PhucShoes - Mã đơn hàng: 13586abd-7b1e-45b3-ac37-5ae0fd434fe0','0327434821','Xã Chánh An, Huyện Mang Thít, Tỉnh Vĩnh Long'),(34,6,2,160000,'Đang chờ thanh toán',NULL,'2024-12-01 17:26:28','2024-12-01 17:26:28','PhucShoes - Mã đơn hàng: ccaa911c-0448-43b2-9164-89f29744aa9b','0327434821','null, undefined, undefined, undefined'),(35,3,1,230000,'Giao dịch thành công',NULL,'2024-12-06 07:44:16','2024-12-06 14:42:57','PhucShoes - Mã đơn hàng: 19f20b9d-c1e2-41af-aaa7-04e4260fb4c2','0327434821','null, undefined, undefined, undefined'),(36,3,1,230000,'Đã hủy',NULL,'2024-12-10 07:09:10','2024-12-10 13:52:14','PhucShoes - Mã đơn hàng: 4c9a4f03-405a-413e-b754-20aee9c39f2f','0327434821','null, undefined, undefined, undefined'),(37,3,2,230000,'Đã hủy',NULL,'2024-12-10 07:09:09','2024-12-10 13:52:41','PhucShoes - Mã đơn hàng: b2e5c593-ba8a-4273-bd44-22d6deed673e','0327434821','null, undefined, undefined, undefined'),(38,3,2,230000,'Đã hủy',NULL,'2024-12-10 07:09:06','2024-12-10 13:52:47','PhucShoes - Mã đơn hàng: 6b38c3e1-d72e-414a-a9c8-2883ce4e6cc9','0327434821','null, undefined, undefined, undefined'),(39,3,2,230000,'Đã hủy',NULL,'2024-12-10 07:09:08','2024-12-10 13:52:47','PhucShoes - Mã đơn hàng: 6b83f8a1-86b5-48cd-bfca-c46430433991','0327434821','null, undefined, undefined, undefined'),(40,3,2,230000,'Đã hủy',NULL,'2024-12-10 07:09:03','2024-12-10 13:53:30','PhucShoes - Mã đơn hàng: c2422e72-a6a4-418b-bc69-d907be381bff','0327434821','null, undefined, undefined, undefined'),(41,3,2,230000,'Đã hủy',NULL,'2024-12-10 07:09:05','2024-12-10 13:53:30','PhucShoes - Mã đơn hàng: 588f617a-50af-47a1-8696-e45fa7e8e7c5','0327434821','null, undefined, undefined, undefined'),(42,3,2,840000,'Đã hủy',NULL,'2024-12-10 07:09:01','2024-12-10 14:08:11','PhucShoes - Mã đơn hàng: e9699213-88e6-4ae6-9363-571a6f175069','0327434821','Xã Lạc Vệ, Huyện Tiên Du, Tỉnh Trà Vinh'),(43,3,2,840000,'Đã hủy',NULL,'2024-12-10 07:08:59','2024-12-10 14:08:17','PhucShoes - Mã đơn hàng: f5dfabd8-334c-4bb8-96ef-b70075443cd8','0327434821','Xã Lạc Vệ, Huyện Tiên Du, Tỉnh Trà Vinh'),(44,3,2,250000,'Giao dịch thành công',NULL,'2024-12-10 09:12:33','2024-12-10 16:12:02','PhucShoes - Mã đơn hàng: 74fc9f1d-a2a6-455b-a9bd-33fd94e2efd1','0327434821','Xã Lạc Vệ, Huyện Tiên Du, Tỉnh Trà Vinh'),(45,3,2,610000,'Đang chờ thanh toán',NULL,'2024-12-10 16:14:53','2024-12-10 16:14:53','PhucShoes - Mã đơn hàng: 23f6c166-d0aa-4013-bca5-b5e50da50591','0327434821','Xã Lạc Vệ, Huyện Tiên Du, Tỉnh Trà Vinh'),(46,3,1,2250000,'Giao dịch thành công',NULL,'2024-12-10 17:40:41','2024-12-11 00:36:55','PhucShoes - Mã đơn hàng: b30092b0-a2f6-450a-955f-1edaa55a57f7','0327434821','Xã Lạc Vệ, Huyện Tiên Du, Tỉnh Trà Vinh');
/*!40000 ALTER TABLE `DON_HANG` ENABLE KEYS */;
UNLOCK TABLES;

--
-- Table structure for table `GIOI_TINH`
--

DROP TABLE IF EXISTS `GIOI_TINH`;
/*!40101 SET @saved_cs_client     = @@character_set_client */;
/*!50503 SET character_set_client = utf8mb4 */;
CREATE TABLE `GIOI_TINH` (
  `GIOI_TINH_ID` int(11) NOT NULL AUTO_INCREMENT,
  `TEN_GIOI_TINH` varchar(255) CHARACTER SET utf8mb4 COLLATE utf8mb4_unicode_ci DEFAULT NULL,
  `CREATED_GIOI_TINH` datetime DEFAULT NULL,
  `UPDATE_GIOI_TINH` datetime DEFAULT NULL,
  `TRANG_THAI_GIOI_TINH` int(11) DEFAULT NULL,
  PRIMARY KEY (`GIOI_TINH_ID`)
) ENGINE=InnoDB AUTO_INCREMENT=17 DEFAULT CHARSET=latin1;
/*!40101 SET character_set_client = @saved_cs_client */;

--
-- Dumping data for table `GIOI_TINH`
--

LOCK TABLES `GIOI_TINH` WRITE;
/*!40000 ALTER TABLE `GIOI_TINH` DISABLE KEYS */;
INSERT INTO `GIOI_TINH` VALUES (14,'Nam','2024-11-07 21:19:15','2024-11-07 21:23:51',1),(15,'Nữ','2024-11-07 21:32:40','2024-11-07 21:32:40',1),(16,'Trẻ em','2024-11-07 21:32:49','2024-11-07 21:32:49',1);
/*!40000 ALTER TABLE `GIOI_TINH` ENABLE KEYS */;
UNLOCK TABLES;

--
-- Table structure for table `GIO_HANG`
--

DROP TABLE IF EXISTS `GIO_HANG`;
/*!40101 SET @saved_cs_client     = @@character_set_client */;
/*!50503 SET character_set_client = utf8mb4 */;
CREATE TABLE `GIO_HANG` (
  `ID_GIO_HANG` int(11) NOT NULL AUTO_INCREMENT,
  `ID_SAN_PHAM` int(11) NOT NULL,
  `ID_NGUOI_DUNG` int(11) NOT NULL,
  `NGAY_CAP_NHAT_GIOHANG` date DEFAULT NULL,
  PRIMARY KEY (`ID_GIO_HANG`),
  KEY `FK_GIO_HANG_CO_SAN_PHAM` (`ID_SAN_PHAM`),
  KEY `FK_GIO_HANG_CO_GIO_HA_NGUOI_DU` (`ID_NGUOI_DUNG`),
  CONSTRAINT `FK_GIO_HANG_CO_GIO_HA_NGUOI_DU` FOREIGN KEY (`ID_NGUOI_DUNG`) REFERENCES `NGUOI_DUNG` (`ID_NGUOI_DUNG`),
  CONSTRAINT `FK_GIO_HANG_CO_SAN_PHAM` FOREIGN KEY (`ID_SAN_PHAM`) REFERENCES `SAN_PHAM` (`ID_SAN_PHAM`)
) ENGINE=InnoDB AUTO_INCREMENT=140 DEFAULT CHARSET=latin1;
/*!40101 SET character_set_client = @saved_cs_client */;

--
-- Dumping data for table `GIO_HANG`
--

LOCK TABLES `GIO_HANG` WRITE;
/*!40000 ALTER TABLE `GIO_HANG` DISABLE KEYS */;
INSERT INTO `GIO_HANG` VALUES (53,11,6,'2024-12-01'),(54,11,6,'2024-12-01'),(57,13,6,'2024-12-01'),(58,13,6,'2024-12-01'),(62,10,6,'2024-12-01'),(63,10,6,'2024-12-01'),(64,7,6,'2024-12-01'),(135,8,3,'2024-12-11'),(136,8,3,'2024-12-11'),(137,8,3,'2024-12-11'),(138,8,3,'2024-12-11'),(139,8,3,'2024-12-11');
/*!40000 ALTER TABLE `GIO_HANG` ENABLE KEYS */;
UNLOCK TABLES;

--
-- Table structure for table `ID_BAI_VIET`
--

DROP TABLE IF EXISTS `ID_BAI_VIET`;
/*!40101 SET @saved_cs_client     = @@character_set_client */;
/*!50503 SET character_set_client = utf8mb4 */;
CREATE TABLE `ID_BAI_VIET` (
  `ID_BAI_VIET` int(11) NOT NULL AUTO_INCREMENT,
  `ID_NGUOI_DUNG` int(11) NOT NULL,
  `TIEU_DE` varchar(255) CHARACTER SET utf8mb4 COLLATE utf8mb4_unicode_ci DEFAULT NULL,
  `NGAY_TAO_BLOG` datetime DEFAULT NULL,
  `NGAY_CAP_NHAT_BAIVIET` datetime DEFAULT NULL,
  `NOI_DUNG_BAIVIET` longtext CHARACTER SET utf8mb4 COLLATE utf8mb4_unicode_ci,
  `TRANG_THAI_BAIVIET` varchar(255) CHARACTER SET utf8mb4 COLLATE utf8mb4_unicode_ci DEFAULT NULL,
  `HINH_ANH_BAIVIET` varchar(255) DEFAULT NULL,
  PRIMARY KEY (`ID_BAI_VIET`),
  KEY `FK_ID_BAI_V_CO_BAI_VI_NGUOI_DU` (`ID_NGUOI_DUNG`),
  CONSTRAINT `FK_ID_BAI_V_CO_BAI_VI_NGUOI_DU` FOREIGN KEY (`ID_NGUOI_DUNG`) REFERENCES `NGUOI_DUNG` (`ID_NGUOI_DUNG`)
) ENGINE=InnoDB AUTO_INCREMENT=2 DEFAULT CHARSET=latin1;
/*!40101 SET character_set_client = @saved_cs_client */;

--
-- Dumping data for table `ID_BAI_VIET`
--

LOCK TABLES `ID_BAI_VIET` WRITE;
/*!40000 ALTER TABLE `ID_BAI_VIET` DISABLE KEYS */;
INSERT INTO `ID_BAI_VIET` VALUES (1,3,'giày','2024-12-13 14:56:56','2024-12-13 14:56:56','<p>adadadaddsđs<img src=\"data:image/jpeg;base64,/9j/4AAQSkZJRgABAQEAAAAAAAD/4QAuRXhpZgAATU0AKgAAAAgAAkAAAAMAAAABAB8AAEABAAEAAAABAAAAAAAAAAD/2wBDAAoHBwkHBgoJCAkLCwoMDxkQDw4ODx4WFxIZJCAmJSMgIyIoLTkwKCo2KyIjMkQyNjs9QEBAJjBGS0U+Sjk/QD3/2wBDAQsLCw8NDx0QEB09KSMpPT09PT09PT09PT09PT09PT09PT09PT09PT09PT09PT09PT09PT09PT09PT09PT09PT3/wAARCAJ4AdoDASIAAhEBAxEB/8QAHwAAAQUBAQEBAQEAAAAAAAAAAAECAwQFBgcICQoL/8QAtRAAAgEDAwIEAwUFBAQAAAF9AQIDAAQRBRIhMUEGE1FhByJxFDKBkaEII0KxwRVS0fAkM2JyggkKFhcYGRolJicoKSo0NTY3ODk6Q0RFRkdISUpTVFVWV1hZWmNkZWZnaGlqc3R1dnd4eXqDhIWGh4iJipKTlJWWl5iZmqKjpKWmp6ipqrKztLW2t7i5usLDxMXGx8jJytLT1NXW19jZ2uHi4+Tl5ufo6erx8vP09fb3+Pn6/8QAHwEAAwEBAQEBAQEBAQAAAAAAAAECAwQFBgcICQoL/8QAtREAAgECBAQDBAcFBAQAAQJ3AAECAxEEBSExBhJBUQdhcRMiMoEIFEKRobHBCSMzUvAVYnLRChYkNOEl8RcYGRomJygpKjU2Nzg5OkNERUZHSElKU1RVVldYWVpjZGVmZ2hpanN0dXZ3eHl6goOEhYaHiImKkpOUlZaXmJmaoqOkpaanqKmqsrO0tba3uLm6wsPExcbHyMnK0tPU1dbX2Nna4uPk5ebn6Onq8vP09fb3+Pn6/9oADAMBAAIRAxEAPwDyOjI9R+ddHFJ4d0gfM/8AaEw/iMeVH0B4/PNbGmeLtPu2Fs0EMangLNCm1vxHf61Lb7EubWyOU0PTo9V1NLaaUxR7WdmAyTgZwPc1f1PwtPbIZLEvcJnlCPnH5dRWp4hs7PTRDq+mwfZ5YpQJYgfkYH09PTHvS21x/a+s6Te2csixxyYmjBw0Z+9zjscEZqbt6kubbutibVSdM0dNNhOVtYDuPq5GT+Gc1551NegakDLczBv4xg/iK4DG2TB7HmqjsFPqamk6jLo9+lzbgMQCrK3RlPUe2fUV2x1RbjTxd6fh0zhg/WP1yPUf/Xrz8CrthfTabMJbc9eGU8hh6GqNHC+qN+TUrmX70g/BQKi+1Tf3/wBBT8Q3sLXNjnavMkJ5aP8AxHvVetFZ7EWLKajcp0l/QVMmtXY6sjD3XFUKckbP91SfoKdkFkWLy8i1EAXlsrEdGRypFZVxpkbsWt5WH+zKP6j/AAq+LaU/w/maX7LL/dH50rIadtjCls54QS0bbR/EOR+lQ10YhmQ5CsD6g1FNaxy58+3+b+8g2n9OD+NS49iubuYDAMCp6Gn2V6+lz/3oXPzDH+eRV6XSj1t5Q/8Asv8AK3+B/Ss68haNCsisjqeAwxUtdxuzR39jexXcIWQhlkXawBxuUjBx+BrjL+1NhqFxak7vJkKBvUdv0xWn4NL3P7k5Ijf5T9f/AK/86h1K80y81m4mZb1Y5ZPvYUAHp+XFQlZ6GUPdbRl0Vo6lpS2dutxBIzws2whxhlOM9uoOD+VZ6IzkKoLMxwFAyTV7mqaauhKtWOm3Oouy20YKoMySOdqRj1ZjwBU72MOnANqjEy4yLWI/P/wM/wAI9uTVW81Ke7jEJ2xWynKwRDCD/E+5zVOFlrv2Jcm9EaEerpoZaPSWjmlZSkty6nDeyDPT3Iyay/tspDDK7W4IxVelpCStqa9vcKbZHdlXjBycdKrXUoncbGUqowMHrVH+nSkp30sMsc1PY2v228jhLbIzlpH67UAyx/AA1TRzkAnI6fStVB9i0OWUgia9cwrnjEa8v+bYH4GkJ9kVb66+23kkwXYhwqL12oBhR9QAKgoopGiSSsgoptOoAKKKKBi0tJRQAtJS0lABS0lFABRRRQMKKKKBCocGpc1DT0ORTTGPzSUUVQDTUcg5zUhpKGriIaQ0pGDRUANpKKKAEpKWkNACUUUUgLWmaUJhvnU89F6Y9zV680S3aItB+6cc8ng1bs5kktRMOjH+XFNlLS5BJAIwMHGKm7uYXbZUa/l1DQrWwZi0vmkOc8hFHGfzx+FNk1T+ztRW+s7gC6XhlAyrjoQ34f5zzWffXgXNta/JEvBI/i/+tWdVWKSR1t14qsroA/Zp4pAOqsCB7e4rnr6W3uWM0W5HY/MpHH1FVVRm4VST7Cn/AGWf/njJ/wB8mhJIEktixa7psKis8nTaoyTWgmj6jIMrYXRHr5RFZdtc3Om3SXFu8kE0ZyrDgg10tnrzaqf9LmY3Pfc33vp/hRqU5tLRGckd/psyzCKeCRTwxjI/yK2bWSLWARCFivQMmEHAk919/apxI6dHYfQ4pCIZiPtMKvg5DqNrr7gjvRdozdS+6KTo0blWUqwOCCMYq7akeQAOx5rXEVtewBL8tICP3d0o/eL/AL2PvD36/XrWdc6bcaTIHfbLayfdmj5Vv8D7VpGSZKmnp1CiiiqKCiiigBDGr/eVT9RUMlpFKmxlBT0IyP1qeigCG2jk061misViRpFKhiCSue49/rmsWLRZ5bpIHjwrH72QAce5/rW3NMsMZds4zjjvUllJb3sMzzM0EMK7p5ychM9AB/Ex6AfjUNLcL2TM++Lai66fp5WWOJvMnmziMHGPvdlAzz3JOKqnUoNJQxaSfMuCMPesMEe0YPQe55NR6rq63SLaWEItdPjOViH3pD/ec9yfyFZdCfKtN+5UdEKSXJZiWZjksTnNJRRSGFFFFAC0lLSUAFaurX8t+9sswAe2gWA47sM5P1NVLK2aS5jMn7uNTuLEZ6DP49KZklix6scn+tA0k3fsNooopFhRRRQIKXNJRQMdS0ynUALRSUUAFFFFAC0lLSUAFFFFABSg4NJRQBLS00dKWrGBptOpKEIa4yP5VCanpkg7/nSa6gRUlLSVIWEpKWkoASilpKQEkNzdaYPLkiPlnkK3H5Gll1maRCqIqZ4yOTU7yG2h8t75WQdlXcxrLlO8l1QhM9Tz+ZoM1ZjYonmkCRqWYngCt600GOMBrghm/u9qPDtuqwSXBA3ltoPoB1/P+lbKIzkKqlmPAAGc0nLoRKTvZEMdvFGAFUADsBipQAOgH5VL9ln/AOeLg+4x/Opk02U/eKr+NRczcimUV1wyqw9CM1n3ehwTgtABDJ1GOh/w/CuhTTB3kJ+gqpd+H7qQk2uoyxg/wuvT8RTT7ji9dzk4dYvLQ+WziQLwVcZ/WtC38RQuQtxEY8/xKcj/AD+dNn8G6jGCyNFN7K2D+uKgTwrqbn5oAgHcuP6Vd0aPkZ12mXAcFVYMjDcpBzmrcl/LpxBjCvFKSJYZBlH/AMD7j9aydKiTTxHEWO1AQSfetW4tluQMsRjkEc1D0d0YNK/kOFjbX0Yl0wlHIJNrIeRjrtPcD0/lWe4ZCVYFWU8gjGKkjiW3m+z3TMLeUjEqHDRt2dT2I/lmi61RrK9OneJYy7gZi1CFcMy9iy/xD6citI1L6MpN+pFRVmWydIBcQulxat92aI7lP19D7Gq1a7lpphRRRQMimhWXGQGAGQpGcn/HH8qf9kg1LSpbD/VSqTNAynAdwOhHckcZp3/6wR2rC1KW5Fy4Z2CE5AUbf5VLWtxWbZk0VbAhkG2QBG7OOPzqqeCQeoqTQSiiigApaSnJLGvyswDHrntQA2MiRjg/KoyWParsWnNNpUt+jKscTbSrH5j/AJzVWJFO5W6Hkgd+c0x8Elhu2jpnjNIC1bB/IuJQ3yqoQ5Gc7v8A6wNMq3CmPD0zY5a7Rc/RGP8AWqlBUNbhRRRQUNooooAKKKKACiiigB1FNooAdRRRQAUUUUAFFFFABRRRQA5D1FPqIdRUtUthi02lpKYCGg8ilpKBEBGDim1NIO/pUNS9AEopaSkAlJS0UAFjFZzHE7ujehOAfxqTUprYwRQ2xXCsSQo/r3rNpwGWAyBnv6UEW1Oh8OSebA9uoJkVtwUdwa6FLC44Pyqeo5xiuTj0/VdHnS7hhYgDIkj+dWB+nauksPFdldR4um+zSjqGyQfof8azkn0MZp3ui6NTvdO2/aP38JOCkp3Z+h7GpdfuJbbTYL7SgskE5wdw3FD9PrkVhX2sQX1yEil3qvCqqk5rUmvPsXgySAuVumlysRUhlGeuD9D+dK1rOxKjZp2Mb/iaXmTPdtGvXlsfoKjazW1Qz3F1JMn8KoSC59Mn1/ziprKGdB5t1K5YjIjJ6e5/w/P0qtfSqb2KZt2BJuwOAAPQe9aqNlc21uOlsNStwLoOxC/NiGQt5X4e3rzTrfxDfQ43usy+jj+orUt5GjmRk6kgcd6xrmzNzr0lpZqCXmKoucAf/WHP5Uk09GKDUt0bMWq2WpYWb/R5j0LHIP4/44rTtcxp5LsvmL0XPJX1+lYdx4WZIybXUrS6kXgxrlc/Qng/pWfHeFALO9DKYziOUHDwN7H09qlpNaEygn8LOwliWaMo4yD+lNSzttcjj03Uy6y253QyocFl/u8/h+VY+na66XIstUIWU/6ufs/pn0z61qX0bBBMhKyRHII4x/8AqqLO9jNpxZmxqulXrvotxcQJ0IkIcSeu5Txg1oC90+8IW7C2FwxwJV5gc+/9wn8vesG4uDNq1wAANxDjHGCev6k06+lhSAC4+YA525xuI/kP/wBVbRuVZto2LmzltHCzKMEZVgchvoahrmLXxNe2U7hGSS1J/wBQ65jA9h/D+H610Fjq2naphYpPslwf+WUx+U/7rf0OK2Vn11NLMnqG4t0mQh1B4wD6VZlikhfbIjK3XBHWmUmraMRnWWkq4kkUeZLE2GixnA/vAdx1+laUV5FIgg1C2iuoQMAOo3L9D7VTuomGJoyyyL3U4NZ8l7MZh9ruJGgIxuxkqfc9SKzcHc3hNJbDdasLWK5DaYZXicEmJhkx/wCINZRBBwQQfQjFbADRYlhlVlzw8bf5/WrJme9gKXFssuRw5+XFO1lqyJNN32OdqrP/AK0103/CJahJAZbV7e5AGSscnzD8D3rAurd1cqyMsiHaysMEf/XpCTT2Jk2y20bqfnHysPp3/Kk2kzxhjhc7mPsKS1ixHnHJ64p8mB8o6nrjnFAGgCf+EYQdjfMT/wB+x/jVKtnREabRrhQVzFcqxVhnhlI6emVFE2nWz58yJ7dz0eL5kP1U/wBCPpQlfUItK6MbNNq9NpNxGheHbcRKOWhOSPqvUflj3ql9KGrGglFFFIAooooEFFFFAwooooAKdTadQCG0UUUAFOoooAKKKKACpBUdPHQU0Md2ooBoNMBKKKKYDT3qAjGRVg1DIO/4VL2ExlJS0lSAUlLRQCKFFFFMg6LTvFEljo32dV3zo2Iy3QL/AFwe3vTbTS7jXJGuruTbv+ZnwAFQHBY49+AOpNYcBjEyGYExhhuAPJHevQLyWOO2htrdQke0SyADGWI4H0VcDHrk0Jak2s9Cks7WQWy0vfErAkANg4HV3I/z2ApiW6pMZXdpZf77cY+g7fzotyCkjj7ztgn2HQfnz+FQXV5HHlMgleqg8mrBIWW5UoSWCxqcHnJJ9PrVQRCQmS6nhiB+6iYYge5qokZmm3HaplfBYDgE1dl0mREJjcORyVxjNS3cbstG7D/7Wa3z9ndnfoJHUDH096zMk5JJJPJJ71Lb20l1J5cY5HLMeAv1plwkYmKW8jPGvBkIxuPt7ChKxUUloi/o5kDybdwQDIx2P+NWNS+wTazbrdbwXj2TtFjKv2PuR3FZUUskQwkjKPQHFLbwtcXqKOgIZj6Ck1rclxs3IsXtozRSWcxV5YBmOQfxL1H59K3PDN+dS0kxSndJD+7Yk9R2P9PwrMkmSbUJChBVECbhzn/63OKq6LfnSru/CxtKxGI0UdWzxk9hgmpauiGm1bqWLu4g015JHJeaQ52jjj+grn7m5lvZi8h+8eFA4H0qxcQyPOZbtg87nPlg/wA/SporYRgSNgseh9Pp7VdnsXGNkV4rEFD5nBI4UHp/9eqLAqxHocVpPMZXMcHXu3pUM0cbIIoVLOvUj+tFuxRb03xLfaeghZluLYf8sZuVH0PUfhXQWms6bqOAkhtZj/yymPy/g3+OK4c0DmrU31JauehyxPEQHUjI4z3rJvLYITxmNu3pWLYa9e6eNkUu+HvFINyn8O34YrZh16wvlMdwrWjnuTuT/EfrQ2miUmmZEsTW0gIPGcq1bMet2swHnxNby4wzINyH3x1H61Fc2p8v5trxN92RDuU+nI71kSxNE5VvwPrUNDaTOhl1KOzxJbTiRiOGiYjH19PpWTJcJcztLcx7mbqQelU0kaM5U4zwe+asWbwSXSLdsY4WOGZRnHpx6fSgFGxJHp0l7ciHTo3mdhkqO34nt9aZfaVeaY6reQNFu+6x5B/EVvB4bEb4Lq3CKeGilHP4dar3mqy6i6bpBPHEeAwyM/SpTbZq4pLV6kfhqQ2V6slzFutJ8KwYfewc1tXEaxXM0a/dV2UZ54z/AIVg3F9JG8c1wGcA/Kudv5e1X7XUvtpLvgSOSxx3NaLRmDTvcka2w4kgYo6nIwcY/wAKrzeTckrf2+5/+e0fySD+jfiPxq/TJI1kGGH0PpVDUmjHl0SUgvYSC7QDJVRtlX6p3+q5rO9QeCDgg8YrdlhaEhhnAOQw4xSyzR3gxqEInOMCUHbKP+Bd/o2alxXQtS7nP0VpTaOxBewk+0oBkpt2yr/wHv8AVc/QVmevtwfapaaK3FooopDCiiigB1Np1NoAKKKKACnU2nUANp1FFABTk6U2nJ0/Gmhi0tJRTAKWkpaBAe1MIzkU8000AV6KVxgn86SoEJRRRQMoUUUUyC3plob7UYLfGQ7gN/u9T+gNdZeSlxI46ucAfWqWgWyWum/aes9yCu7+5GDjj3JB/AVMhFzOTn93EcAep/8ArVaWgt2TRR+VGF6lRyfWsyS1a8nYoVHlKASeOpJ/StU8IT7VRiLGCcQ4aV5MBc9ML39BQwba2I9lqYHghuN06KW2Fcdxnn1AHT2xWuAoy027B+6inBb3J7D9T7Dmsyw0mKz/AHspE1x1yfur9PU+5/LvU0twznEeST09T/8AW96VurJaT1YmqSrJAEjK2sag+YsK43emffnGfesSNSEVcc4xgVe1GJovL3PuDAkgcAGuh0zw4y+G49RhiM1zMckAZMcf+yO5PGT1weKTd9UPnUEn3OaFlP5XmFAqZ6swFQkSySC3jyxYgBU53H+tW5ob29vPKFtOXJwsflkY/wA+tdNpuiR+H7OS+vSpu2UouDkR7uMD1JJxn8vWk3ZDc9PM5e3jFpZm7uW2xvxGg6vjv7D9T+tQC7ubnK28YgjJydo5P+J+tXbqLztVKSL+6gULEvY44/SmXyMgVo+FK4CjgBh1/PrWlrDXdkcVqkIMkze5yck/Ws67uzcyFIs7enA/lSR+Zd5DttUHkAdav29tHFGXI2oOgHVqW+wynHbNsCk7E7gdT9aSYhB9nhA3N1xU91c4wqgbzwqjtTbeHygSeXPU0vICu9hiL5Tlx196q4I4I5PHPatSaXyoy3ftWYDnk8nOee9JgzT8O3Nva6ni+t457ZxtlR1zgf3h7jrx2zXYah4C069jE2mTG3LDcvO+Nv6gfn9K4SWMKQwYqCMo47exrR0nxJqeinETCW3J5iflT9PT8KRnJPdMpS/bdDvprfe0UsbbXUHhv8RUv9qQ3SbbqLy37SRDjP8Au/4Y+lSa9q0evX4uvI+zv5QVhu3AkdP04/CsagparU1FgeUFoSswAydh5H4dai/p1qirFWBUkEdCDVxdSkbAuEScDjLj5v8Avoc/nTAdSh2Q5ViD6g4pRJbyAskhQjqkn9CP/rUmDjPUeo5oAC7OcszMfUnNWLSYxSAE4DHg+hqtRTA6u1uRMmDw46j1qxXP2VyxA5/eL1962reZZUHrVJ3JasTdeD0qpcWuPmj6d19Kt0UxGWMjBGQQcgjjFLcCO9/4+lLSdBMvD/j/AHvx596tzWwfLR8N3HrVQggkEYI7GkUn2My4sZLfLAiSIfxKMY+o7f55qvW2CQcg4PtUctnBcZJXy5P7yDr9V/wxScexSlfcyKKsTWE8ILBRJGOrJzj6jqPxqsKjYpai06m0UDCinU2gAooooAdRRRQAU5On402nJ0poaHYpKWimAlFHeigBaQ0tIaQiGQdDTKmkHB+lQ0mAlFFFIChT4ommlSNBlmOAKZWloFsbrVolJKxpl5COygZP59PxpkPQ6VYRa2dvF2WIc+uST+uaitYzHAMjDMSxB9/8ippnaWQE9znA7e30FBOAT6c1oJbakMu6WTygSFAyxFSpGsY2ooUe3egABScYzyaiw9wCwYJFnAz1b149PrigCG+vVhjwuWJOAB/EfQVPbxLGmckyMBuJ7e3sB6VJC62RMkeEkIx5p5YD0HoPpj6077d5uDMd5zjMnJH/AALrUyTZLTZk6xP+/hgVGdz2UcnNdBpvie+0SFLa8s5VjUY5TOPxHQ+xqiZoraVrq2j/AH5ULkvnA9iRx9az11q8u7o2ttIijnDNISPXj3+lK1lqJxTVmjsLjxzavDvEc8jY+4FxiuT1/UdW1eSFmhaGD78MYP3v9r3/AA6VLBZXl0xSS/KXSjIUoGVx7GrWjXUNzbLpt2gkVk3BCcYxwcHswIzkfqOKaVxKCjqij9pFxALgcHOWH91u4/z60/5Zoyucow6jt/8Aqpo09LQ6g8Ezz+Q+51YcvH3P+8pz9RmqhiliAls28yI87Qen09R7VV+poncreUYbxkbjfz+I/wA5rQuk/cDHRSKoy3ccxCyKY5VPGRir1vIJoSjHkDB96FYoyhGPtrseu0EVZqOZDFcxk9clDRfFreNl/iPApbAUbubzXwp+VenvTYlEm7Gc4zgdx3/HvUrQg6WsoHzB+T7dKbZxNIxZPvoQQPWpa1FuSRuEhKSDdHnkjtnofoaruHtpPkc4PRgetaiIkyB1AzjBXGM1QubZogduWjz0/u02rDaIxcg/6yJH98YNBSKQgx7gf7hPX6VBRUiN7QLnRI7otrFtKcH5MHKD/eXqf1+ldLrd94W1HT2UyIJEXMbQQkMv6AY9jXBopm6qxPqBUq2sYPLlsc4FOxLhd3uVDxx6+tOSR4zlGZSO4OKSVg8rMOhPFTJbbrVpc8joKRRPb3TTPtljRx3bG0j8R/XNWDFE/wB12Q+jjP6j/Ci3AGmhvV1H6GkoHYEjlhcSKu4DqUO7P5VpW8wGHU5VuT/n1rN6HI4PqOKkS5lT+IEejDNNOwmjo4pg4GT16H1qWsCHUhHw8ZI/2Tj+daEOrWz8NIUP+2uP5Vd0yGmi/UU0KyjPRuxp0ckcq5jkRx/ssDQ8qJ95gPrxTEUXjaM4YEe/rSVbe8jxhRv/AEqqTvJOAM9hxQMUEg5BIPqKjltYrjl1+b+8OCaeKcKNx3sUG0o/8s5PwYVXexuI+sZYeqnNbFPpcqGpM54gjhgQfcYptdEQD94Aj3Gav6V4ffU32R6UtzGerZMe33DDp+OR7VLjbW4+dLc46itXxLplnpGsPa6ffreRBQSwIPlt3QkcMR6j9DxWVUlhTqbTqACnJ0ptSDp+FNDCkpTSZpgFAoFKaQhKKKKAGmou9THvUD9TQwY2lopc1IDdU042Ei7WLxuOGIrU8OQGO2nnI5k/dL9Byf121Q1PU0vYY4o1bCtuLHvXSJa/YLWC1Iw8UY8z/fPzH8s4/Cqiu5ld6JiD75PpxQecD1PNKPu/rRVjEHJJ7dAKXgD0AFFVr2VkTbGNznoo70AUrue6kmK2YG8DLNxxnpjPfHP41Xa2vrd4xFJ5jfekwcYJ7Enr9a0be3tfLAcusx5aZDyT7qfSpXt3twm6UTRMcLIoxj2I9aVurC5Y07TY7pFudUjV4o+EiDkKx/vN7DpxjNWLh9K+6LC1IHTy4QMfjVKe5aUBSdsSjAUdBWfNqdtDkb97eic07IVrmmXtd8bILiNkbKkNnb/9aqjaYs90ZrS/VbrzC8YaMoATzjPp9cdaoDXIe8Ug+mKU6ujDNsrGbPygr1/L86LoLPoP017x9TaMOBLPvjl7jB5JH0yan1u1j0M2zWLMFkUiSNjnkH73tnP6VRtRfaNdvcvEpkKspBOcE89q2dNuZY2jnmkLXT/M74BKj0X0wPSktrDZnC4hukCXUW3PTeMU02UtowktS0sY5KHqPp61ra/rbpbjZIXLEDZL86uO/wAp7e/FYUl8LWVGgY+RIgcITnZnqvvgg8+mKbsgTb3JL4rcWwmj7dfYj+tM1RTPawyr0PX2q5+61KAkELKRgMP6+o+vSqFnOY99pcr907SD2pMoLSA/Z3gY/wCtXcmfX/8AXiorEGCTLD5SdrZ/hb3qw6Nb8ctETlWHJX3H+FOkAuE8xQpkAwwHSQf4j/61O19ugtmTeWA5deGPX3odA/PQ0lu6vGCpyMcZ7VJVbmhnz6erZK/KfUDg1RkhaJuqn6VunPaoZQ5BIdcDvipcUJoxxubAdmA9Dk5qb7xEKE7QMsaV28yQgOWCgkt6fSpbKMCEsRy1RYkgEINz5eMDb/SrFnzC8bdQSDTIznUD9MVIg8u6Po4/UUIB1vJ/oXlH7yyc/lilpHj2zFx0cc/Uf5FLSKWwU2iigQUUUUAJ796njvbmLhLiUD03Z/nUNNJx3oDcvDVrkfeEMn+/GP6VKmrr/HZxn/ckZf8AGm2fh/V79A9ppl3Kh6MIiFP4nirn/CH6pH/x8GytsdRPeRqR+GaOa3UluK0ZEmq2h+9bTr/uyA/zFSDUtP7pdg+g2Gmnw2yddW0YH0+2D/Cm/wDCPyfw6lpD/S8Ufzo5/MXulganpI6i/wDwCf41OmsaDH1tdUl9vMjTP6GqP/CL6keYxaTA9DDeRNn/AMeqC40HVbYbptOulX+8Iyw/MUOV+oWi+ptDxlaWv/IN8PWaOOkt1I07D8OBWdqvizWtXjMN1fMID1ghAjj/AO+V6/jmsg8EqeGHUHtTaVluUoJa2F6UlFFModRRRQADkipRUadfpT800MD1pDRSUwFFFFFAgooopAJUMnWp6hk7UPYGMpKWlqQJ9Hgiu/EEJWPEEZ81l9lGT+ZGPxropJGldpHOXclmPuaztDsmsbKSeUYmuvkRT1VAcsT6ZIA/A1oVpFWRluwooopjEJCAk9BVKyvFF0bj5XKnCgnp7/U1BrN6IrYorfM3Ax1Pqfp2rCjkeMF4+GB+8O1JuzCx1t5cJdbWEQRx1YHOaiyeRng9R61QtLtpP3bkCYD5lAwD/wDXqz5hp3TEJLbRy8zbmH90nAH4VUurC1ZD5aFXAyNp61LPdxwDMjHPYAdayJtQkknWVPk28KB/Wk2hq5PHolzcgPZBbhO+wjcv1U8j+XvW5pWjJpcJutQCm5P+qiB+77nFYUY+1OZrVzBOvLYOB9c9qdHrE0URSQ+c+fvsxJoTSDVnQW12gu2UxpJKAJGZxu2ZPGFPGe+TnHFal5ewzoodEmBPI2hSB7EdD/nFcbc3E1terfQ8pOoOSODxgg/Qip4NXnvJkiWNUUnLsOeKaauJq5di0Kxub2XzppCpOV2ELjPIznoT1x702fwssxdrO9jKIMBZhtIx1BIyO4Oehz2qrNJeW13LNajek+GIIzj/APVWpocVwqOZ2LSSEsQRnJIwB+n+RQrPSwnddTn4TPpd60FyjIynDKf8/rV+9sxfKs1uwWUdT/e/+vV2Tw2t35e7Ug7BNihE3hQOxbIzz6fhxVP+ztT0+9SBIGuN4+RoskMB1/yaVmtGUmmVFmmt8pcplfUVL5WB51sd69SAf88+9bf9mXkifvLJ84yVBDY/I1QFkkUpePdGwOCB3+oppPcd0zMN1HHIZFDIxPzoR976e9XI7iKQZV1PGcZ6VPNZRyndja3cgdazrvfaMPMgikQ9Dtou0NOw6a/EeQoUn6/4VGXcp514cL1WLpu+vtT45biRAYLWFR2PBqLasMnmXkgllH3UBz+dHmDbZG4YQ7T/AK2ds49F/wDr/wBKsF1hjAJAAGKjDAM88jAyNyAOcUj2NxMTLNHJHGOhZSPQ/wAiD+IqWwIbVjJeFsdQT9KtM4wj9w+B784p4azsbb5o5XlboA4UH9M/yqOELLsdrdljXlQZDz/n1pCLGzzEcd1G4fh/9b+VQ1qxfZoY/tM0DRrgiNfMyZCRjoR0Gc5rMIT+Fm/4EMfypN3ZSZHRTgjSOERWZ2OAqjJP0rVi0qzsiG1y8aEjn7JagSTn6n7sf4kn2oBsyQCSFAJZjgADOa3rbwTrEkAubyOHTLU/8ttQlEI/BT8x/AVIPFx01DH4b0+DSwRg3J/fXLf9tG+79FArBurq4vpzPdzy3EzHJklcux/E0C1NtrXwxpq/vr+81ecfwWsfkQ59N7fMR9AKjTxS9mf+JTpun6fjpIsfmyD/AIG+efpisOilZPcGk9y9f69quqnOoald3HoJJTgfh0qgkZdwqrudjgADJNFTWtyLaQv5SyEqQMkjb7gjoRRtsD0WiL+qw6fZQw20cE4vREjSuZQVVj1XGORj6YJxzUGlG0F0ftozEylcbcnn07A/7R6dcE4qj/k0tFtLAou25o6/bwwaxMILZbeFgrRxg7sKVB6nuevseKpw3E1sQ1vNLER0Mblf5U+MzXREQRppNuxMknaM54/+v0qKSPypGTcrFTgshyD9KFtYF2e5oDxBqDgLcypdoONt1Gsv6nn8jQLnSrni5sZLRz/y0s5Ny/8AfD/0IrOoosh27GmNDW8/5Bd/bXbHpEx8mX/vluCf90mqFza3FlMYbqCSCQdVlUqf1qLAPUVfh1q9itfszyi4tsY8m4HmKPpnlT/u4o1QrNeZn06p3FtNzBmF+8bnKn6N/Q/nUBDA7WBBHBB4xQtSk7j0+7S0lBqxhmkpaKACiiloEJRRRSAKjk7VJUcvQfWgCKlpKWpEbVvrUV+6mZhHKF24Y8Hk9Pzq9V670uzvSftFtGzYxuAwfzFVR4ftUGIpbqNem1ZeP1razM1ZKxWknWPOc9M8CqH9rx3EywQIzOxwM/KD9T1xW1H4esEIZ43mI/56yFqxNaEGm6tvRQAkQKIOPmOf0FS7pDv2MrV1aO/ZWk3sFGSBgA+gHYVFa5jikn/hQBQCOrHp/In8KglleaVpHOXY5JrS1JPsltBZ9DGoeQf9NGGf0XA+uagNtDNEjrIHDEODnNbttdLNGPMISXHKnv7j/Csm1iBzIwzg8Zpb0gOi/wAQHNNaDNHUbV7mNDGMsp78cVQFtBBzcTBmH8EXP69qp5z3P0o4HuaGwLE10XTy0URxdkX+p7mm2VuLq8ihZxGsjhSxH3R61EoLsAASTwAB1rtNO8KNYaeLm8U/aXGdhH3B2H1PJ9gKTYm0izqXh+HSNJklsZmkjRfMZZOp9/oa4qW/llQoAkanqI1xn61r61eTWmLaOZmSaL5lYZ2jPAB+grnyCOtCbFC9tTfttQDwxjy2YkYyvYj19PXNJNqbzW14LdsJGgAI4JycE/0/GqWnaZPdQyTmVLW0HyvPKxC/QAcsfYA/hVu2g0mO5WO3v72aR/kYrZjaQevG/JH5VXM9h2DTNZWz0/aSwkj4AB+8Cc/41v2N6LjTbiWGXcqshB9GOQfxIyfwrIvfCMsIaWCXzohyQg+cD1wfT2zVdr1dLgFukbMD84OcBie59fSmm1uFkzSu1DBJGQuI2DYB5Y9lHuTx9MmqEoaN5r3UJmluJCXZFYgAk/5Hp9aWXVhawxxSqXlEYYkHox/+tgfQmqN+5OmWrMcyXDNK59gdqj6DB/OhsEitJfzM5ZHeNSeFVjgVKbq4ksnMjb4920Fhk59qoVvW1pFqtikFuQrxjJ3HAU9yfb3/AP1VOrHexRgBtpEZIzMJl+QYzk+mB3Bq4WFpt+0x27SuCyIE+THuw6+mB+JFXttlpWmeS824uDv6h2OOi/3VPH14z6VR0fUNsawSKrJES4JGSvqR9P5UdbE3vsMku4etxYqoP3WCFRUz6nDNEkRUsFG0AyHkAYH5AkfTiteXVphItpdTTGKQEKHbcjj0welVLNrrSb9ILGOMxbQJZtoJY9+eoweAPT61VkNszkkt0XckEaf7WNx/Wnfagh3BFL9mk+b9On55rdk1C2/eXk0MLz2ziJpCgOQwyCR3K7SM9cGsWS8nubuL+zwoe4YqUWMYkweDtx3Hb29aTQ7leSV5pC8zlnPVmOf8itODQ5vspvbtjHYqA3mRL5hbPYAdD7tgD3rY0n+zra2e11JLZtTZw4twAEg4HJ7Fv9kcDoR2qrpt7dQ3U16t400ssjI4K5BC8AEdOR/COg9KlrsS5syX1ExAx6fH9ljYYLBsyuPd/Q+i4H1qrHGsg2AhJO2TgN7ex/T6Vd1yKCLU2a0UJDKolWMHPlk9V+gIP4YqjFGZpo4gyqZGCBmOAMnHPtSLTTVxCGQlWBVgcEEYxTa1brSry21U6NqUJhvo22Kz/oM/xKex9/Tit/QPh4dXe0M91LbpLafapR5YJXMjIFH1C5yaTmkrspa6HF1dfSLyLSTqU8TQ2rHETOMeaf8AZ9vfpXXyeGrOz+KOk6RaxE2yMkjhzuLAZc7vXO2p/i7fmW9tLFf4FLlR6n/9dR7S7SXXUdt7mDbeANV1GK6k08wzrbSIjLu2swZA4Izx0bGMiquq+FNW093ZtKuo40VnZiNy4UZJB9AOec49TXrng21+z6JLIetxPkH1CIsQ/Moa07+0iv0+yz58qdDC+DjKsRn81BFYuu1K3QFG6ueDf8I3rXliT+yb3yyu8MISQVIzn6Y5rNyD3FfS6YTaAAFUABR0AHb6Y4rkPDfhfTJ9Jv7bUNPt50j1O5WJnTkIGA4PXGc1UcRdNtDcNTx2CSSIMyMcEYdQcbh7+2cU2Vw8hYBgGOcnv/k16pqHw40kauiWjT2yy20jqgberOpXKnPOCrfpXBRxS6bZFpIUmtbiUwxyMcBTgE598EH8D3rWNRS1RnK8XdLUx6KkuoxFdSoE2KGO1c5wO36YqOtCk7q4UUUUANqdJAQBICygYB7r/wDW9j+lFrZy3khWPaqKN0kjnCxj1J/yT0AJqfzEtnItfmZTxMwwfwB6fjz9KaQbiyWMscImO0Qt0cnGfw65/wA5qAhB3ZvoMU+O4ljmMocs7cNv+bd9c9RVpLBdRBbT1PmqNzWxOWPun94Drt+8Pcc0eoFHI7KPx5oz/sr+VFJTAXI/uj8DikJHuP1oopAJRRT4ppLckxtjIwQQCD9QetADKjk6D61oJbpf8WqhLn/ngDxJ/uZ7/wCyfwJ6Vny8cYIIOCDxijoFyKlpKWpEd+j+Ygf+9S1WsH32MZ7gkH86s1ujIK4zxeP+Jwp9Yl/rXZ1yPiy3kbUIWRGbfHxgZ71Mthrcy9Gtlu9ThSQqsanfIzdAq8nP5frRqM/23UHZM4ZieeuTySfc9f0qaKA6dps084xLN+7jTPbOWJ/QfnVW0jJLSHk9qhFW1LKAQxkn7qDP1pkNuSGkkGXfse1TlAQAegOT71uaZYRSSRxNBBLLL0ad2VVPXGF65oegNpbnHSIY5CvoeK0NM0DUNWkKWtudo+87/Kq/ia9ItfD0EWDMsAPdbeIRj/vrlj+YrRkkttOtSzbYol6ADGfoO5NIxdXsjG8PeEbXRMTzEXF3jhyPlT/dHr7n9Kv6vKEtHbuRsX6tx/Kp47h5bdXkTyyw3FSclR7++K5vxVqgtrYgHDAfKP8AaI4/IZP4iobu7IhXk9TiNUn+16nKynK7ti/QcCi6gBuIxnarYUn0x/8AWqC0TdcL6DmrmpEw+WAfm+99OP8A69aJaHStEV7y7a6KKMrBENsUY6KP8T1J7mqoOOhINJRSA63w/qd0kKrdBmjH3HJ5/wAirGtWNsbT7ScGIsPlHYn0/wAKx9ElaS2kQ8iMjH4//qqTWZZRYxBZGCb8FQeD3H5YrS+hPUyfKl1C9k8sZyxOT0ArR1qzNto+kOepjkRiPUOT/wCzCrVjbi2tVXGHYbm+v/1q17zS5dV8G3PkKHk05xckA8+W3DfUArmkkrO4Nu6ODVSxAHU101nZxadpTXZPmuRlkVsbkPQj2BrnIpPKkDbFcD+Fhwa2bXWg8kULQQwxKCqqmcZPXOT0NStwd3sPcwatYF5MRyRjh8fdx2PqD+lZFhcfZb6GbjCsNwPcdx+Wa0NSZLO0FrDkbyWIz0H+ePwrGpvcaOxurdUma3cfLE/yk9sdD+VYd3dv9olMczQOTtkTnBI4yMfSul1MH7TG5HMlvCx+pjWsg2EE2swyTLuiKF3QH75XjH45H61TXYSd1cr6ZpmrahAV061eWAt87vgI7Hjq3GfbrXQaXbyeHrgzzR+dfhWV5YyrC1xxhcHqRnLdBnA5yadrniM6RFHaW8afb1T5uPltAf4VA6MR1PbOOuccxFrV20iptjck4AHy8/Wo67hq0XtTk0e8dmileCQncSFyM/T/AAJz1qqmqG0t0tbMtMok8wuy4LH6enatK1hsbq7t57+JYlDETbhgEYPX3BwM981a8QJbyvD/AGLbAOACsiHaNvpg9c8UN2YN2djMk069mxNcKqNIAQCcA+wPSqU0UkLtHIrRyL1BGMVraJqrO7Q3CYwdssZHBHQn2Iqhf2Zsrp4vMDhWIU7skDtmhpWuiovWx3Xjq4OpQ+EdbQ/vLiJVZh/eBUn8jurvPDlg1jpsAZcEWsKAjvgMx/Dc5H4V594djXxBo/hfTHOTb39xu9owu/8A9mxXq/2iK10qS7Yfu0jLAAZyB0A9zwPxrjqJ8vL2NFZO7OL0eNb74pa3fsRssbcQKfQng/kAfzrhNTM/iz4gGK1G9pbgRx98Ad/oK7eTd4V8C6jqNztF9qkpY4OSSf6DpT/h74bOgWUOq6jEU1O7ylvCw+cbucn0yOfYZ7nFVFqN2+1gk21od1p+kLbWyWqt+7gQICO5/wDr9fxqC3sbiS5DyKA5JYIT90dBn3OSfxq0boW8sNqJC08oLBQeSB1c+wJ/UCphdLaQySTMAijczMcVhZO7FeSskU5Y3icrtyw6Y71DbW620CxLyFySfUk5J/EkmtS3H2lvOnTYWG1Iz/CD1z7n9OnrTLy2SNd6YUZwFHeoastDRS11Ma9QCeG4PAt45WJ+q4/z9K878FaRb+JrLWLC8DNax3DtGw6xuwwGHuOtbXj7xStnYSafYMHupRtYqc7R/wDW/nxV/wCHegS6D4aAukKXl3J50iHqi4woPvjn8a1jeEG3u9hOzdjyrxB4fudA1CSzuG82SIAh05VkI+U+xwD8vbHpWRXo/jV0NrcX05Cx3l48UbHndHGmzIx6sGH4+lecYPQjnvmuum21dkbNoKKKdGmeT0FXuBMZmeFYgNkSnIQdz6n1Pv26DFNpaKqw9hMUqFkcMrFWU5DA4IP+IoopiNlDD4gHlzlINWP+rmJCpdf7L9lc9m4DdDg81iyRvFI8UiMkiMVZWGCpHUEdiKDjkGr8kzauiiT5r6Ndques6j+E+rAdD3Ax1xQw2M6ikoqQCilpKACr5ePWgIrh1i1DpHOxws/+y57N2Dd+jetUDUMuDge1DBiSRvDI8UyNHKjFWVxgqR2I9RSVoPMdVtgsnN9brhXPJmjH8J9WUdD3UY7Cs7evqPzqRI7bTuI5E/utn8wP/r1brm7jWJdNmjeGNZUlG1kPXI6Y/Opk8XW/Se0uI274wa1i1YySdjeqpfwxyCKSZ9kSN+8bphT1/XH51mSeMLNVOyGdm9CAtYWp67daq4QL5cSncI056dz60Npqw0iPWr37ZeEqNsYGEUcbV7D+v40WuBGn0rPdy7lj1Jq3aSZTb3WoRZoRIJJAp6E81rwnfAueoGDjjBFZFu4EyN2zg1pRyeVNz9yQ4J9D/wDX6U2romaujfTxHdpCiGONnUYMhJJb8PWrNrZXF1OLvUiWZeY4jxt98dvp+dZmlTLb6lG0m3YwKZb+E9j7en41sTanEcpDJ8o+9KBnH09Saxk3sjC1th95dBAf4lU4I/vt/d/qa821/Ujf3zAPujjJ+YdGY9T/AE+grZ8Sa7tU2tt8rY2kA58tT1H+8e5/CuRALMAOpNOMbI0px6mlpEG9yxHBP6DrRqf77UlQdBgH+taFlELWz3HqBn/P1qhYxm5vXkPQnrWttDUzZBiRh6E02rl/D5c7HHWtDSNK0+fE95qEPlry0OdrfiT/AEzSsJ6FnQbFotKuLyThZSEjB74PJ+mePwNV9dcLawx/xM5YewHH6kn8qt6r4jhaSO3tE3W0Y52jaDjoB6AVhXt499cebIAvAVVHRVHandWsJdzr7KxW7tobjzTskQNtA59/1rotDvI9I1WCdkLW21oZ0Azujbrx3wQDjvzXIeE9RBiNlKcHcWiJ7+o+vf8AGta/mMU0Kl5EVlLHy8Z647/Q1WjVmTsyh438NWmjubuxi32FwR9luIH3R/7SPnow9iM+nWuLrtZvEl5p9rJG6xXVlcNi4tZV+ST/AGuPusMfeGPxrIutO0e9Am0vUFti3W1vAQUPs4GCPris0mnYafcxZZXmYNIxYgBQT6CrWkabLq+qW9lEDumcKT/dHc/gMmpBozB8SXllGv8Ae88N+i5NdVpX9naLaOtpI8s8w2y3JQqSv91B/CD3J5PtVKN3qDemhpatawX15I9uxWNCI42AyCqjaP5Z/GqhiGj/AGe4bDzyBzb5HAIKjfjuB29/pWhZCK6+YP8AuEGXYdh6fU8D8a5DxTrUlxruYGCrAvlKByF9h7DgfhTdkrEpX0MK6MpuJHm3b5GLkt1Oec0+3jSWIggbgetad9Jbarp8bxALdwjbt/vL6fUVl2uY5ijAgsOhFTazNEXnv2ksZYpR86IFDZyW5rvPDemwHw5aq6jzJYdzE8k5PB/DArzz7K93fxW8XLykKPT6/wAzXrFn5Udz9mXAS3tI0UgYxyev1xSbvuY1XZaHF+IdO+wa3a3UakJcoUlA7OOD+fBrP1G4J3KYIyJTu83HzBh1/Aiui8evNbCxKAKxd8A9GGB+hx+lc4moo8LMYHcY2yL/AHc+p/rTi9LMqF7JnefCLS2vBqF25ISIeTGfRnxu/Hao/OvR9fvbDTFhS7lWKBFMzAn+FMfoDgAd2K1ieBbMaJ4IsEmKxvKpu5mY427uefooH5VDoGkz+I9ebxNqYURMoFjC4z5cY6OQe56/jmuKb1d9jdK+pnXWl6z4mc6xqhg0jT7dd9pDcqWMaDneyg9eM84x0A71a0Dw94i1ONNR1DWDbyEHyGaJmlCdiQSAuRzt5PIzXZXMC38wM43QoQQp6MR0z7A849cVdgDZL4z7k9alTvokN3SOBktNd8I39xf2yLr0c6hZSSVnGOmB6ck4GfXFL4e8Rv4j1Az6nJDAsD4isgcbW/vyZ6Y7A85rs7pXlmLAHAHTPSuV8U+GoNXgeaO0Rr5RgOMAsP7rZ+8PyI7EVPOno18ykn3NPVfF2nabOtus4nu25EcIMhX647n0/l1rG1bUfFevIINL0p7OJhgz3jiPA9cdfwA/E1z3gO+XTNcl0iOyit72VyXe6J3RYH3R/ez1HP19a9UGcAE5Pc4xmm7QeiBrU4/Qvhtb6TL/AGhdyjVNX+8rzDEUJ9Qvcjtn8hWrdPLY6ZIYWaa7f5Y2I+9I3A+gB59gK3oWKyD0JrP8Rb4IZJrYoJ1jZ0yOAQMk/wDfIIpSblZsiEnd3PP9TjtZfF2h6C8az21qmGZv4dnzM5+uG/OuDmh06/uZDBcyWkpYjy7oZX/vodO3WtTUtYWOPU7tW3XV8v2OBv7sWcyv/wACOFHturCmT7dbC7X/AFqEJcD19H/HofcV1Qi0kZzWt07XHX2iX2nBZLqBhA/3J0O6Nvow4z7dfaq2McCtTSNfv9BylrIr28gxLbTDfDKPRlP8xg+9aX9maZ4lBbQR9h1LGTpksmUl9fJc9/8AZPPoa6FotS02lqczRT5IpIZnimR45UJVkcYKkdiD0IphxTGJRUyQgwPM8ioBwinkufb2Hqfp1qGlcApvIIIJBByCDjFOppNAFqbF7G1yoAmUZnUcbv8ApoPr39+eh4qU+KVoZBIhwynjIzn/AOselEuwvujBVG5Cnnb7fQUg2GUUUUDA1FJ978KlqA9T9aGJiB2RwykqynIYcYq1/aEn/PG3/wC/YqrRUiL19KjxwzxOrCOVSSDnFbR5riATyMnB612VvJ5ttE/95QauOmhFrDzGj/eRW+oBpYkSGQSRxRhlPZQM/wD1j0paKoDmta03+z7oGLJt5hviPoP7p9wePyPesxWZCCpwRXZ31qdR02S2UZkU+ZCO5YdV/EfqBXGEYqGrMF5mja3Ik4PDdxWtDIs0ZVsE4wQe9YcVsZIFkjyHHXFT21ywIB+V1qk7blF06hJYMbe6DPEfuSDkj0+uKS98RMU2WoKtj75/h+n+NSssd/AUcfMB27Vh3dpJaSbXGQejDoalxtqiXFEBJYkkkk96vaZamWYMR8o5/wA/yqnFE0r4HQdT6V0NvGLS1LEYYjOPT0FCVxjL+UkeSn4+3/6qlsrYW8IGMEj8abbQknzH7nIB71bq0uozK1SHdux1xuH9axs/SumuojIgYDJXqPWsiezTa8i54GcDtSaAoZPtQO59BTljLKzdlHJpvYD1NQI6H7C0WkWmMrI5V0YcEEnOfwFXv+EgKma31pBlY1QeVHkllHDA9jzz2OelWEkUTQwN80SZIXPTC4/rn8KoRWZ1DQby7wrbZZCQxGc9eKproTvuYuoagbzCIpWMHPPUmqFatzpDJ5HlEkTD5dw74zjNUXtJkdlMTZT72OcUne+pR0NrBFDCnkquCPvAdfxqcAkgAEknAAGc1yqyyRDCvIoPOAcVLHqV5FkR3Mq56kMarmFY6jUtZXR9O+xWrA3ch3SsDnYew+oHb1JNcnEgmkAYkc/M2M4Hc0RQTXBJjjd/UgZrasrT7Bh3AeGVQTKozt+v+z70tWCVi3ZadbtKAtukqOc4PX/gJ/ocj6VDqmk3CyA2/wBmuEIyFESxSr9QMc/TNanlHSVWSxKTxuMtAD+qH39O/ahr5Lyw87Cs3nFArjDL8uT7jHH50NK5L3uYGlXf2G/LTgxORtDOudv59j611+naw9tPJLOGuBNgswI3DHp2xz04rDkQ8FXUKDysq7h+Yrn7meaCR0ju9wLZIjJApNCcVI3/ABbqIuGgxuGG3KrDHXk/qcfhVvw3oiXGpWqTMftVwQohHHlo3GX9znhfxPFc5aqLOD+0LjDyMSLdG53MOrn2H6n2Brf8Lat/ZlodRGZbz7YZCT8x+VODjv8AM5P4Vm7paFQjbRHbeIda/tXxOvhuBH+yRzhJ1Q48xFAAj+hwfzr0uF1t4Y4mKJI3yhQQOg6Ad8CvIfDRvI9QufES6e88brsgmlIAMsjhd3PJ5bHHvXZ29xa6Dd6vNql3ultpUh81/mdgyK2FUd2Zm+UegHOK5p+9drpp8zosotROuR4t+1mG7BIUHrikkvtuY2UoD0JrjpPEmka1PZQ6ddrLfC5QLEVZJVUnD8EAjCZPHoK0hrccerTaTeTDzliWaJyufNQ5H3fVSMHtyDx0qHCahzW06k3jz26m7gOMo2D6iq028qVJCv2YDOP8awrnxHDpPmyTuTBGu5wnUD+8meo7Feo6jIqQ+I4pLOG8tbG+u7aUbhLCikAf99dfasulzVK7scb8Qop7bULG/wDJW3uw3li5TmOUdR7qw5GD2PU16D4Y1c63ocN02PNA2yYOefX8eteY+NfE39sPHGLK4Sygm2h3TGXA5BXsenHpzWfYX9nHpQin1GYQ5/49hIVXA6ZUdTj1zXRyNxVxS01PY5/ENhbbzHMkzRnDMhyiH0JHU/7IyfpXEX3jtdQtvELDiOOzMUL+rucH9MfliuU1HVnltUR2a0tFXai4xIy+ir/CDWNNcv8A2eY9nlRXBBiiHaMfxe5Jxz3we1XCkjNu5RuJmvZg5AVVUKqjoqjsP896sWMy286hhuif5JF/vKev4jr+FVhUkfD5/ugmuuySsS1dNMsarZPYX7RMyujAPFIvSSM8qw9iP1BqoCQQQSCDkEHGK2bP/icaI1iebyxVprX1ePq8f1H3h/wIViA5pJ9GCeln0OhW6TxOgttQkVNXUbbe7c4+0f8ATOQ+vYMfofWsu1s2F5cW09qz3EUbAQuShDDrn3Ayce1UjWyXPiGyIf5tVtI8hjybmFex9XUc+6+4qXp6EtW22M6b935STxYdFwwBA3DORn0POPyo2K+ZpAI42OFVB1+nsPU/qarxje6qOAx60sknmOT0UDCj0FUOxP8AakRCEtoOv3nBc/rx+lQSSeYc7VX2QYptJQUlYlS3aSBpUZWMfLoOqj+97j+X61FnqPWnwzPbTJLGRvU5GeQfUH2I4/GnXKRpOxgBETfMgPYHnH4dPwoF1syKlp0iAEEfdYZH+fbkU2ga1Gk8E+lQVNIcDHqahpMGFGKKdSAzR1H1rqtHk8zTIx3XK1g6TafbtRhhY4jzukJ7IOT+grY0eWMm6WH/AFfmlkBH8J6VSetiDUoooqxACQQQSCDkEdqxfEOnEOdQt0/cyHEwUcRv/QN1H4jtW1To5WiJKkYYbWUjIYehB6j60NXB90crpkjwy5A3IeuKv3tksyCaDhxzkd6s3Wkxy5l05RDdL1gz8ko/2c9D/s9+1VbC9ByjZUg8g/wmkuzGncr20zI4PRgcEf57GtR0S5hAdcqwzg9qo3sPlSCRR8rH8qsWUuQUP1FNaaMYkNgkUm7IKg5C4xVh4/McbvuryB6mqsl6La6MUg+QjKtn9Kf/AGjDwFOWPQZo0AtUVBbyPKS7cJ0AAqeqAKytVuTI4s7flifnI7n0/Crt7dC0gLjmRuEHv6/hVbTLIqDcS8u3TPapeuiAp31sLO1SMHLNgk1nZwR7Vq63IPNRfQc1k1D3EdfCPMuoeeWyB75rP0OcpBc27AZJySV5HY/SmQ6wLcwGSFwYyCCD1xS3I/svxNdQP8o8wqwzkDJyPqOnPoafUm2pcuZZZtEjXdmS3AZD3BXj+VSebZzC3v4wyIRsuFHb3H0P6Gog+ydoyMow3buwPofrWcH/ALOuZoG/1MqkofT/AD0pt2GdjqXgeXS9Dk1PUJYLa0iIMJdt7MzdECjsfc8DntWYdEjFvFfxpB5TAKRgFWPXGf4WHvj6Y5rvPFc0Ou/BnS7hZlURmB5XxnawBQ5x/tcVX8J+MrXUrdbHxDBBMGjET3KgN5iDgE+oH5r1x3pJ6kNtI5DThbWV7DLArywq2+W3YYIxz8vvx06H1qS4iaJJLrSpFlsW4byxnH+8p5RvrwffrWx4y8IP4ZlGo2bGXS2OUmU7jHnoCe4OcA/n61xY1aO1na4tZpEdeksPBPsw/wD1j+VD0dwWruT21tLLcGPTRyRuaBjhQO5z/CB69KZrF1p8saRqW/0cEbgNru56tj0PA+gFUb3xJfXlv5Jk2qTyVAUn8qyiXmfJJdj6nJpNlpPqWYJpZpFEkjtHH85BOeB/nH41BwH34LL3q2ts5h8tflB++T1PsK27PRoHSLT5VUNcIZHlbrEcZU/QKMkdwfXFHK9wbsYVyjXGJEbICgKuegHYVNocpivMGOR1U7mVBk8f/XxSyWb2F61o8iEAA7icA554z1HuK0tIvBpU9xMNjNLbywE54+ZePrg4qZLRoqLSaZ18utzzeC9Mj0yzuWtLSSB7iUrtX5GDFRn7xyM8ZAAPNennRdL8QXdpr9ukEtwqfuLpDncp9exxkjnkZPSvI7XU77UdH0jSdULW8ck/zyP8geNRlVHuenbjHrXYy+ANSE/27wnr0ulvcfvJLYkiFmPcY6fQg1lQXImrdTSulOSafQ7VdGtYr1NRu/3t1bqwWaQj90COcenHc9q8/wBY0i88X6mfEXhnU1tvsDG3gk2nE+CSxB7rlsdCDg1a/wCFb+I9UOzxV4tmnsyfngty2H9ucAfka7BEsND0wInlWdhax7Rk4VFHrnufzJNbSlpa25jFa37Hm1x4o1z7Qula/wD2dYvIp/02ZS8J/wCA9AT78ewqawtvDHha0Bt9fluZpWGRBOdrt6CNOOemDk1Lq2uWOoSCNzbQ20xIhN0xDSj1CgcD3OK4nU9+gXXm6PcmG0nfZKhJ8vPUNjsRjORyMcYrkdBNNR0XbudMazTTetjodVj1K/GovHphsY5lBeW6cLhU5DBOu7tk9BgVz9npmqSXMtxaxQKMhjNIyIihhkcseOCPersviXWzbPaXmn+elxGybicyDKg546jDA5IGc9TWFHpGo3EgiSwunkYZCiJsnHWrpU5pNNFVqkJpWd2aoOj6YzT3s39tajnKwxk/ZlPYu55kx/dXA9zWLc3Mt5cyT3D75ZDlmxj8AOwHTA6AVNcaRqNmcXGn3cR/24GH9KqOGThlZT6EYrpUeXUwQlPTgSf7uP1plKjqUkwQeB0Oe9UwZJbXUtldRXNs+yaFg6N6Ef0q9rdtEJIr+zULZ3wMiKP+WTj78f4HkexFZQdTnawOPQ5rW0WRbyObR7hgsd2Q0DMcCOcfd/Bvun6g9ql6akvTUyjT4ZpbaeOe3do5YmDIw7EVPbytavLBNvi3HZLx8ygHkew9fpUNxE0U0iFcbWxwcj2we4xg0D30L+oxxSGPUbZFjguSweMdIpcfMv0OQR7HHasutDTHEnnWDkBLpcKT/DKvKH8Tlfo1QTW37gXMAJiJw47xN6N7Hse/TrxS20EtNCtRRRTKCnyH5IweoX+ppuK6XSfAWva3bQ3tvZkWUgGJCwBKDglV7nr6Zo2E2lqc71g90P6H/wCv/OmV7b/wgXhG/wBPhtYWEc6oAJEfY59mHrn15rmx8NNPkt3sHvZLTWFkIiMvKTj0x649PryKSkiFUR5jJ1x6VHXQ6/4SutEso7tpVmjMhilAGDE/v7HseKwooZrjPkRSS7eTsQtj8qV76lJpq6I6dTf/ANYp1AwhzZaLLN0lu28lP9wcsfxOB+dSeH5MXEi+q5/I/wD16i1u9jvL0C3AW3jULGB27n9Sai0qXytQiJ6Mdp/Hj+tNEnWUU1DkA06tBBRRRQBDIOc+orO1iDzP9Nj4nUfvQP4x/e+vr69fWtSToD6Gq0wymPUYoauBWjIurMoeoGQf5VVt5CmG9DU1gSm1fQlD+H/1sVARsuZo/wC62R9DzS7MosalbrPCGxnHAIqtY6eAdxJ92/wrShw0CgjIIwQakAAAAGAOgFO13cAACAADAHApJJFiQu/QeneiSRY03Mfp71SO+8k9AP0pt2AZFE19dGeb7o4A9PatB3WNCx4VRmiMKiBV6DgVVvZRypP7uMbn9/QfjwPxpbIDI1CTfMM/eI3H2z0/SobeIyygds0x2aaYsfvMc1p2MOEB7twKUVd3EWki3gjoo46VoavbLeLZX5RHaaARyEjrJH8h/NQh/GqwAAAHaphMfsrQH7u7evscY/UY/IVq0Iy7mzkmUKJCqA5CD7oqm+mXA6YYfWtxHCHO1WI6bhmkZmdyzHLE5J6VPIgWhu+DL03Ok3nhrUm8u11BfLSRjxFN/A30JAB9wD61ydrHqeham4MRWWCQpJE/QspwQf15rTBIhGO7dD34/lyaffXrX1yJpmJnZQJGJyXxxuPqcAAnvjPUmlyq9ugktz0Twn4qtrqzbT74D+z7kbHSTn7Ox7H1U/l39a4Hxl4Hk8N6zm2Y/YpvmiPXb/s+49D3HvUFndNZziReR0Zf7wr0C1uV8Q+HpNPLGS5gjM1mwOGYLzs/3hjj6D0NJxs9SW3F+R5WllG3+sjjcjuBt/lU6W8a/dRVHooxW09y10hi1IiYB0ZLlVUSbOc898jH3s4o1K1sntbS4sUaDeXWSMuXPB4OT3IPYAVaSTWgcyM2zt1muo4uiMfmI7KOT+QBp0t00l41wrFHZtykHG30/IYFXLW3jS2u5iu4rGEXJzyxx/IGoAijooH0FWk2wuhJLcazYNDNkXEfNtMV4PrGcdj1HofrWNGz3dwlmiEOp2IjDBPrn37mt5JCiOuM7ht5PTvU/wC7NqHuU3O2VjkTCyqvQ4b05xg579KidN9NxKVv0M+41G5vNZt/JuDNJEBBFJKAwbAxyDxg9Ppiun0jU/ENhZCXTL9htUmWyuICFDDsnUZznoV7VyNzp02nOl1bnz4EYMsyjGCOcOP4T+noTXrnh7UbbV9Jju7cj5xh1PVT6H6VzTjaxsrNbkmj+I9TvLBrxoTJJKQGSTK+UR1UL+Oc9+K5S/tte8WTzf2q0vkxAtFBCwVFOcLn1IGT36AZr0O3sESwaRIwmWyMDHT/APVVZAuMqAAeeBjNJq2o09Tg7Xwcn2+3mu7fbHCMkSOXed/U54AHTA9Kd4okhi+yOLeKQLdIfKc7Vfbk4PscYrtL2YQ2rsQGbGFU9zXm3iwkwww7t0ilp5Pp90fgST+VKKu9Rt2RzmtTXc13cX94ALmVhvAGFx0G3HQDGKbp924g3yNIcnCjceB+P+eKi1GWS4gt4WYFnbCk+g9fxz+VaK6BeRQIIBFdADn7NJvP/fP3v0rZO2nQya6lhNXnOAL24XaMAeYwxXpHhjQNQvtEMusytdQ3IDR210xdQvUEg9z1rzTQ7AXWv21tdAxxq+6UONuFHJzn16fjXvdjM1xBuKKig7VA9Kic3smVFLexhW3gLQo7xbubTLVpVGFiCYjX3K/xH3PA9O9dFHFFEgSOGJEAwFSMAD8qfijFRzPuaXRmX/h7R9WQrf6XaTE/xGMKw/4EOa5PVfhJplwC2lXlxZSdQkp81P8A4ofma7/FUdY1OPR9MkumQyOCEiiHWSQ9FH1/kDTU2JtHlfiTwNrb3cE5tklnlUJcSxyDy5HHAfJ+6WGMhscg8nNUtW8LeJI9Nt1vNLmVbc7I/LwUKnnseoPGe4I9K6pPFuoW7sddgQqzHcFXKle6Y9BkDjnnnmqM2v2V9q1lBpM8tnHJKBLA87GEqOc/MflxjtWmiRk5W1XQ4Ca1urIgzwTQspyC6FcGrqJeSamZtJjlZplD4iXcBu5KntjORg+lekzXEYik3CRogMmUALH/AN9OQuB681TjlubZLePT4rK3gly6SPG8qBAMluNqsx9BnP61F29bEe1bWqOWfw9dGze71HSYbdFIBkimMe4k4+6Awzz2x9KsnwTctBvt7JgjDibZLcAj2KDb/OtOXxC8mtGJLu6l8lMG9aExF89UjVsqpz0AA3dMjrS6VB9k8N3lzZQP/aa3YSRoZ5YkiTcUZ9kbc7SATjJ5yTiqS7sLu17nMahoN/pECSNolzep825mikRFGePlGDyMnJ9a7zQvHjw+HbB7CIy2kZ8mcFcyWzgZCMB1BAJDd8EHBFUvB+p63f8Aiy1tLy81BbfyJHlV7lmVmAGNueeCeuSDVzx09loXifTJIZTDNqatbXzJgEjIMUpxxuVsHPUgYpyWmgLV2kb0t1pniTQ7jUbMKl7FGziSI4wQOp9R+dUNW1ldS8IxyNGZL4FdkyRsdpGDkEdSM54z0rH8IaXrn2K6jktAkd0WLyhxtdScMB7kg/hnvU3izWGSb+z9PZIUt4dt1Mny7xjO3joOM/pWN2ZPSTSdyDx7rdnd2dxJGd6KiW0jmMjz5G+bv/dCk+vNZWkeO7CzsIYyZLNoCWBtY8scZwuOmSCBkntzXH6tfi5KwQTySW6HdgjClz1IH04zWZQ4Xab6anXSbjFrubmv+I5NbijilSB/Kd3jlWLYyq3Oz3AOTnHU1i02itbjSSM/Y2wtj5QcZoUkMCOCOlaEsYeNlA7cYrOpsk7GGZXw4+5Iocfj/gcip6w9In8y2MWfni+Ye6nr+R/nWtFKCOf/ANVWndCJ6KSloAbJ9w+1VJSd4HYgn/P51bf7h+lU5/8AWR+wNAFG1P7+4H9yVW/Pj/Ckvh5d6j9pFwfqP/rGkiOy5vT6hD+oqXWEL2ayDrGwI/H/ACKXQaJrOVTHtyMqeM06W6SLgEM3selZVtLFNtEkmxu+RWhHb2qfMZA3uTimm2MiAkunyencntVhysWII/vt1Pp/9eopb+MfurbDN3IHAqS2h8oGWQ/MRnntQgJppFhhyOuMKKxNQmI/0cH5s7pD7+n4fzq5d3flJ5x++3ESnt/tfh/OsZcvIM8knOTSbvoIntYS7jPfr9K2YFAGfwFULPHz+taEJyCPStIqyESUn+TS0hIHU4+tUA50KEehGQfWkqSMl0MZUlSchum09/wPpS+SQfmP5U0mxNpDX/1cfvk0wwmQDIxg8N0xVt0VI4cADKnJ/E02mo9xXGCJR15NW7LU59IuI7q3LfuW3lR7dx7jrjuMiqxIAJPQUvIBbgAd2OBRJJqwt9x8d8t/eX7wJ5QWRriJQc4idskfQFgfoTTWdpDlmLH1JzXTeEvDWm3es2slvIVRrd/kY7hLEysrj6jcD+Brir7VI7C6ltvJeR4mKliwAb0P0I5/Gs4TSWoKKeqNl0MejxHj99O5/wC+VA/mxqpVfU9auLbTtKCQwASW7TAFSxXMrjuec7Aayj4h1Bs/vgo9EQL/ACp+2S2QKLOjt7ZppAuGC9WbHQUtwXlkLeU6oBtVSDwBWHe311bWMUclxMbmbEjnzD8ifwr+PX8qoR39+5Oy4mOBk4Y1KrXd7CUbu53XhvRLvW9VENsWiiQZnmwcIvp7k9MfjXQW1lqfg7UpJdRjWXSpjh7m3X5YewJXqoA47jvXa+GtIj0nQ7aBSWJUOznkyMRyxPcn/AVr4UgqVBUjBUjIIrKrUu7FwWl+55xfSanc3JjRn+wb9/ki+RVYnnOfvBT1xyD+lbFnqZkjPmQLEqjAKSbwfpx0964aeXT/AA34jvtH8R2sc9nEzPYSSIWCITnbx0H54I9Kbr3jLy7QDTbZo1YhULgqOemAeSO/asmm9i1dO7Zt+JfFNrpqF5zufH7uFTy5/oPf+vFeeWt/LqM99eXsnMy4LY4QD09gOMVSluzHctJeJ5ty3LM3zZz9elNiS71W6jsrWH55OUiQY3HGf5CrSsJu5DcXLXN35sYwqf6tfRR0rUi1GQopMTbiODjNZNrG0cgmPGw5APtXQ/2Y8uqw242w+c+HXGdpPPyj1I7dPpV6pXJdnodr8NPD7ambjWL8byGEcTOdxXHXGe/QZ7Yr1KONYkCIMKowK5a31GHwtptnZLHbNGqZZUnH7serMfl56/h361buPGWmhT9jLXjdQUG1T+J/oDWTTbKTVvI6Cq9zfW1mM3Eyx8Z5OK5eXxJql5lbWBowenlJk/mQ38hVRNM1W5uBNNZzySE5MkkJcj6FzgfgBTUH1E5pHQT+KbY5WwhnvJO3lRkr+fSsu41e7dXOotplmxDeS91MA0JK4yFHcfXNJc2yxAf2jqMcSjotxerGB/wEEVSN74csQ0n9p6dkDJNrG0rfmq1XIkZurJ7IxLLQ/DNpGRNd61rsrjDrZWzJGe/3zjg4/vVqRTtZwsmheC7GwU8eddXOZT/3xlv/AB6opPHPh0Oqwvql47Haqw2u3J+rGnS+MLOLkaYFHrc3mMfgq/1p3S6i55LoVZpNYuXzcX1raZ4K2tmCx/4FISazLDTL59IuNK1C5ElpNdfadsRJfd0HPRR34HJ74ram8Y23kxuTp9v5ilo2NqZCw6Egu2CAQRWP/wAJtfSmYJqF0yRIXP2dUgGMgcbQD3FDmmJXvohtt4L1XT76LUdGSe4aI5WK6QlffDdj7/rU090tlftcXdle2F6x3O8Mg5PqSjYJ9yKx7nxdLNkmAzN/eupGk/Qmsi61O5vOJJFWP/nnEoRfyHX8c0XfY0UJPc6keIBZ3UGrw6osklmS6wXMsatKCMMvA3HK5HOOcGsTxpfJ4l8SfaobxVtSA8cj5OA3J6dxwMe1YppMBFwAB9BigtU0ne539l8TPsFqYFEwjjLCJTGCDkk+vB5zzXJ6nqtzdWYmEhVLt5PMUDk4I6n0IxxWRIcn6Val50O2/wBmeQfmFNQ0kyHTUWmurKVNp1NqjYSloAJyewGTRSAezBQWPQDNZhOWJ9atXcvSMH3NVO9UyWTW9w9tMskZ+ZTxnv7V0MUyTRrNEfkbtnlT6H/PNcxU9vcyW7Fo2xkfMD0ahOwjqY5ux/8A11OJAe+PrWPa3yXIwOHH8Jq0jnsatO4i27gggfiaqSHJJ9BxTzIx4/lUTntQBVjAMl6P4iqMB7Dr/OrhjFxalD0dax5btrbVGmUBgDtKnow7j8a1YJkIXY26JvuMe3+yfekmMwZbSaJ9rRNnPGOhp8VlJIRuGxfrzXRugcYYZHvUWyG2Bc4UepOaOUZDaWSW6biAD79vrRNMZWKqpcKpfYDy2Bn8hVC91RpcrD8qevrVK3uZILpJoWIkVsqc96G7aIBWke6mMsnPpgcD2+lNK4lDdiav6oJYtXubedlJgdowEGFXB7AdqrEA9frTSurkkkMnlEkjIIxxV22kMgLAgYOCOtZ9SW8vlSAn7p4NaxSEzT5zySfbpVpETAKqOe+Kq1LDJsO09D+laJIltlilB4wRkfyqKa4itxmaVU9ick/hVBtYMr+XZW7Sv2LDP6D+tS5pBytmu+TGCMbEGC2cY5zz6daoTapZw5zKZG/uxjP6nj+dQjTL67KSXlyUA5CqckfgOBWjb2FpEVLQB3/vnG7/AAzWTqN7DStuYs+szzArbwiNehONzfn2/Cukj0FfG2k/arGZItct4/31pIwVboDjemeFb+8vQnnjNVnt44tQWSCT5JV2sHG3kdPb1FOubOaXY8DNHNGdyOpzj8uxqHd7senQjW4vdK8MRqWnsr+yuTGAco6buo+hDGuf1eMpcQ7vvm3iLA/7ox+mK6k6xc3sHk63ZibyB8ruAenpnnH049qaTLMvnvAUWY7o94GCOnbpgY44qdLgu5ha/wD8eWhjjjTx0/67S1U0yOPzjcXCgwQ8sD0Zuqr+JH5A11mq6YLzT9OLWpVljaNSRt3DeSMex3H8jWNrMFva2dtbQsRbxE+YVGWklPU59AMAdehPepfYV76GTNMk1w89wzTyOxZsfKCf8PyqKRpGjGV2R9lHAP8Aj9aX7Qkf+phVT/ec7j/h+lQvI0jFnYsx7k5plo9r8D/ENbrRobe+AMlsixM2eTgYB/ED+dddH4psHnijeRYxKcKxboeuD9cH8q+b9O1GbTLoTQkHjDKejD0Ndrp15a65cadDC2Hnu4o2iJ+ZRnJP0wCM+/4VLXUpNHpHjXw1aeKNPspBayzTeau2SEhWEZ5PLcYIA6569K4jxFolmLCDUI7uVJraU2x02efzZIcZyx9CCB04IIIwMV6nrb31ro8kukxo9zBtZYiMiRR1Xj1GenpXi8upR6lrs93fkb7y4IlaJSEhyNvf0wB37k0Rfclq+xzmt6fJHJDcopaOcEZHZhwR+WD+Neg6ffjS/s+o3WlWF7afZVhudYtGxKgKhOFBwrKPl6AnGeOao+IL+3sY106O0SaGAASBxnPfsR9cjnJ4rn4rvRopyz6ZI8bHJQ3bhMYBBOBk9QMZ/GtbKxnduweH9DOtam4QOtjAd80jdQnZfdm6Y+p6CrEm+6nkk8wxyM+4OvZicDr0znFbem+IQs0FtDZQ29qW2iKLjaTxn3Pucn3qDxLFC2o22l2VvGXkkE9woGd2PuqfYkk449aUpWV2VFNtJE/hL+wLIytrctwLtZMo7wLKuMehU7SCDXqFlYxXVnBcJcX6JLGHVSyxkA88hVGDXl9hLpaagh1OGWKWI4Mcr7ozj/axux7MSPc16Tb+J4JIQ5KyLjIaM9awdRPVGjptbor6+IbWMRrPdtKwzzdycf8Aj3414p4w1SaXXZ4IbmfyYQIyvnMQW79T1ycfhXpeq3zn7ReSZZ1UvtHfjgfyFeTR6VLeXd6zucQBmlfHV+Tgfjn8KuLb1YmktEiTw/p0N7ceZcAyBedgPH1P48Y781LNuhupFUtG0blRg4xg10HhfT1tIbZWXLykO+fzx+ArF1sbNcvwP+e7/wA6aeo0tCubmeRArzyso6KXJxUePXr605CvIcHB/iHUf4054mRN4w8ecbl5x9fQ/WqDRM0tO/4mWnyaU3MyEz2ZPdsfPH/wIDI/2gPWqti+yG9OM7rcr9MstVopHhkSWNikkbBlYdiOc/hW7c2yXGmX2sQBUinWMMgHCTF/nX2HG4exqXoS9PmYNBooqjQSmyHA96ee9Qk5JNDAYatyf8gSH/r4f/0Faq1ak40S397iT/0Fal9CJbr1KVSQwvcTCKNcu3PXGB6n0A65p9tZvc5bcscSn55pDhF/xPsMk+lPuLiFUMFj5giIxJI/DTfh/CP9nn1JJoKb7EMrqMRxnKKeW/vH1+lRZopKYWKFKATnAzgZNOjiaVsL+J9KvRwhUKqM5GCfWnYgzqKU8cdxSUgHK5Ug85B4IOCK1rTUFfCzMFfsx6H6+n+elY9FAHTEtVaa9iiDfMGfso5rGM8rIELsVHQE8UwsT9PSncBXbc5PXJyalt7loSR1U9RUFFIDS/teRRhTn0LdqqTXUk7ZkYt7dqgop3YAST1ooopAauryebr15JjHmtv59+f61WJA6kD61b1EW7m2uFuFZpLeMOinkMF2nPp90fnVJLmTIFvGqt0yq7mP4n+lWpWVhbjwGPIViPUDNNLKOpFTrY3E5DXUrAehOTU0mmQtGVQFXA4JP86fOwsQR6mI4ggQuw4BJpRJfXf3FMaHuPlH51fsY0jtlCoFccNkc5qxnNF292OyKlpo8Wd9yxlbPIzgVsRxJCm2NFRfRRVRHKH+dWY5MgD8jQkImPQflSUv8B9jSUAMlHyZ7qc06ikT7gHccUADR+ajhgDGqlnyduB0657Ve0SK0vrWbSp2uJoW+a3kCsXjzzuAHJGc59BVSOMSyIhIG5gASOma9d0XTLPwho7SSMfPIzJI5BIzzsX245x1Iz0xWVVXW9ioOz1VzkNI0PVtUR7W83wX6uTBPdAgBQgUsvHzAALj65rg/G2jT+H5ksLkAyB2YSIDtdcADGR9a9SabWZb2G4t9OuktllSRpSVTEeeSATuIIyOnSqvxH0xfFWnKLe7hRbSGW4i+YESOpG5Cex24IHvUqT6i5EtjwuiiirAK3vBl0ll4qsrhzxGxIwpbJ2nsOc/SsmOyuZceXbzPk4G1Cc10/gCyki8UK9zBIgWJ9pdCPmxj88E1NR2i2VBJySPULi91PxACkxaysm+9Gh2ySD0JH3QfQc/TpVPUbSACK0sbS3+0bdkZMYIjH94+yj8zgVrzP5MZ2jnooFNtrVbfc5+aWT7zf0HsP8A69ePKrKTuz1oUoxVkjzPxDoNzpTlg0lza4HzSHDKRx1/x4rIEsPBkhnRj3MW7P8Aj2r1qW2F1MFkAMbHcynnIH+NQXHh7TNjyC1Td1OBj+VdNPGtK0lc56mEi3eLsecWl0Y5V+x2skk2flecbQreu0csfbpXWeFtCk03Ujc6oXkuphvRn5Ic9d3vjp+Ire0jTbO0knMNtGkgYYYDJAx7/jV+4hWZOfvDkGs62KdRWWiLo4ZQd+ox7YI5eMLnurLnNUrqws5tzvbtb3GOJISUJ/EdfxzV1Jmj4kBIHG4dqW4kU252sDnjg1zKTTumdDino0cvqUN5Y2zTR3izxhgDHcxA5/4EuP5GudtdPa2hvLeTaJXmkEhU8HnHGe2K6jxGf+Jao/vSD+RrlRfE6zebiDDJNtVv7rAAfkSCPqK9HDVJSXvM4cRTUWnFG5pkW+53AfKg4rjdbOdcvyDx57jP413unAW1mZn4HLnPoP8A9VebSSm4kklb70jFz+Jz/WuxbnL1E6VJFK8L742ZGxgkd/8AEVEKdVBuXJLm3uAPOtVjk7yQHbn6qeM/TFa2lR28mjT2DToqX0w8uSXKbJEX5fbksB+Nc7059K1NXt2s/s1i4w8UIZwOzP8AN+YBAqWr2SM5K7STIJdKvLdyjw5YEghHD4xx2Paojbyp1hkH1U1avsXkEeoD/WkiO4x/fA4b/gQH5g1nvM6DCuwPscYppstNjZdw42sMdcjFRGlMjHq7H6nNMNA/UAMkDIGTjJ7VsXE9pDoenwmI3EiyTSbslUOSo5/iIG32rHqzfHEFlH3WDcf+BMT/ACxSe6Ie6Iri6luceYw2rwqKNqr9AOlQUtJTLEooopAWUiWMYA49Kf0pQCTUVwSkLbfvN8o981oSUNoYzS/wgnH41Xq5cgRWwjH4+9U6liCiiikAUVIy/uUf6g1HQA5BlwD0JqS4tmgPqp6Go4/9Yv1FbG0SRkMMgjkGmlcZi0VantjAdwG6M1E0R2b0O5f5UWERUUUUgCuneYXUVtdgKDJAqPgYy6fKfxIAP41zFbGjTb4J7Yn7v75c+33v0wfwpoTLlFIh3oG9RmlpgGdh3D8fenIe35U2k+4cjp39qYE1SRk5x2qIHIp6ffFMC9GSUPuKKSI4wfQ80pGCR6HFAdQphISQDs3Sn1UuHZ723iQEuzcf5/GgDRt38kSMy7dy5RiMEHPb16YrtfCOpxajM39uXEbPbYMEbkhTxnJH9Pb8K5K/IimFrv8AMisyyKSOSSckH2B7DjrVOOTZcxzsquyOHw3eoa5lcUXf0PV7rU5/ELmPSYWdY2w1zJ8qA/U/0yfasJ9NsTr8NhJPN5t0pS4YjaQSDjjtgjHOd3qe1i28d291ZxfaL6DTgq/OFiMkhPoo6D61zDX9nqOvTNAbv7KrhvtDyHzWkxw/0Xn5enJrGT5VdmsYuTsiG+1W0sLy406fTbB7q2JBZIIxkjjcAR0Iwcds8U0eJEt5n+z2cHlA5jIQKRnnsOlc/r+m6nDf3WomRHSRUmd4iCFVuEz6A474rLh1OYIBIN4Xnc3U/wCfStk+5lyp7Hc2/jO/igKGRh8xZdjkEE9z9Papk19tVntEVGa5D4iUsDknjbnsGBI9AcVxiajbyowV8MeBnit3wxqVnp3iG0urtfMiifJwfu+je+Dzj2pySkmmEfdaa6HeW1yLiSMyEgoSpVhghxxgjsR0x/8ArrQqTxJov2q2k1DTZlhvNoJYLvjnHbcvc46MMH3xxXl03j3U7G8a1lso5HBwCjMA30znrXkTwk7+7qj1YYqDXvaM9Fc7LyNf7w/Qf/XNTuN6FfUYrzX/AIT3VjMsg0hSVGBukPFSf8LB14n/AJBVvj3Y/wCNR9Wn5feX7eHmd8QYpN4HDAFvwqzXnf8AwnmrSqVl0pQD3WYDH5ircXjuVEVW0y4BAwdsqEfrUuhUXT8UUq0H1/A7nA9B0wayr1ZXmJtJkTjBDx7gfyxXPnxu8oIaxlQe8q/0FUb3xDLcghdyA8Y3cfp/WhUZ31Q/aRtuJ4jv9QEIiaazLK37vyo2JZvTk9AOSecfWsq0tlFs0TAuu3a2f4u5P1zzS4e4mLsxZyMFmOcD+g9hVuIeVt2nlTkGupPljZGFuZ3Ze1O5nj8MTAK8oZAizoM5Tp8390gceh/SuIrsPE/n2ulObfItLtgJFx/q3zkj2Bx/Melcf9cV1YeTnG7OWtBQlZCUtGKK3My/otrHe6xawzuEg3hpWPZF5b9AR+NJqd62pandXrDBnlLgeg7D8BgVIo+xaXuPE12MKP7sYPJ/4ERj6CqJcIMn8Klau5MdW2WLO5jhkaO4J+zzjy5Mc49G+qnB/AiqVxFJbzyRTY8xG2nHOf8A6x600kk5NPlkM0KsTl4gEJ9V7fl0/KmN7kVJUk0JhKDcrbl3EjoPb3x61HQJO+qEALkKv3mOB71PqDq97JtPyIQi/RRj+lJanZIZu0Slh9eg/Uj8qr0uot2FJS0lBQUUUlAGkcAHFQOASCf4eR9alkPaoZCAP1NaMRRvD9wfjVWnyyGSQt6nimkEEg9RUEiUUVJCnmFh6KTQBLGN9o47qc1Wq3ZnhxVeRdsjL6GmAkf+sX6itqL+lYiffH1rZiIC5PQUIaHOByDyD61TkgaFvMh+6eq1dO4j7v0yajOem0fnVMCjJCsqeZFwe6/571VPFaLxlH3AYzweetRzQCUZHD+vrU2Ao1d0jd/acRGMc7s9NuDn9M1A9rPGMtE6rjIJGBVu0kjtbFmyPOnkCf7qDBP5nA+gNITNMcAAcADAHpRRweQcg8gjvRVCCiiimAsX8Q9Dipl++PrUUYwKeDgg+lCAvR/cp78gH1GD/n8qjiII/Wn54x2zTAKd9nijQznEk7xMIlXB8s9Mn0PHHp14ptGcZoauDVyGKTfjBJAzyec+/wCNTVAieXcsB91huFT0INiOUkRn6063ayUTjUJbiKJoyFa3GWD9AT/sjJJA60kv3PxqheTeWhOASBwDQ9VqP0NC9vL+/wAqoNs4sFtLlif3Uypn5+mOwwBnkZ61xpEsIBIZAenGM1aXULkLgTuUU5C54Zs56d/XmrUto0sEM0W37JOxjYA8Qv6H045HqPoazbuxLQoQ3iIhSaBJFPcHaR/n6VKphcAQXRiIJIEoI6/7Q/8ArVDfWTWc20nch+6w7iq6gE8kAepo2GewaF4+Fv4esrCZ4JWihWMkTAE4/wAgVgTC3vby5OYncx7mjBDY+b+m6uFWXacQKQ394D5vw9Pwq/4anhi1yBbuR44Zz5bSqfmjLcB/wOCfUZFQ4cyaRcZ8ru0b8o8sgYOAO5yR/iKFjZwCBwe9R39xc6VdG21CFZVBIWWIYz+Hr7UyLUbYAvFOCg+8jfKw98H+lc0qco6WOqNSEtUyw8bRrkjj1HOKQxsOcHHqOatoVkGVIZT6HNQpKkU3kk4J6A9s/wBDg/lis9TXQgpDgIT7gCrUoiCFmZVxySTisu61WzgdRG5mwckL/jVKLlsiZNLdmpChAP1xUV1qVvaEK77pM/6tOSf8PxrnrnXbq4GyM+Up7J1P4/4YrR0Pw6Lr/Sb5iIg3EYP3vqfStY0G9ZGMsQkrRLuua9c6tZDank2TSgBBg7mAzkt3PsOOOprCFaeuSL9pWFQAiKG2gYxkZH5Lj9azK6IQUFaKsjFzc9ZO7HCrNnbrK5eYlYIvmkYd/Ye56frUVtbNczBFZUVRueR/uovcn2/n0HNSXt1E+yG1DLbxfd3cM57u3ufTsOPem+xLb2Ql5eNcztM4C54VR/CBwAPYDiq6Sxjd50JkJ4BDldv+P40wSskiyDBKkEA85xUrwxSEyRzRJExyVc4K+2O/1H6UthXS06C/YpCkjqVMccQmJJxlSQv5gnH4VWBwc9uh963re0nOmXs4haOzjsvLWSQ7TI3mK2QD6nPHpWDQncE072LMUcVxBIGdzPGv7tVAO8f/AFufU1TqW3lENzFKRuCMGKg4zinSRJHOcOskWN4Ydx6ex7Yo2DZjXPlwiPux3t/QfzP41FQ7lyWbqxyaSgaQUUlFAwooopgXnOTVK+lwm0dTVw8ZJ6Dk1kXEvmzM3btVNksW2TfMB2HJpsv+sf6mrVhHwzn8KqP98/Wl0AbVqwGZz/u1Vq5pw+dz6DFC3EJbDZPInpTbxMOr+vWpiNt+f9oZpZ18yEjuORRbQZn1rxn92fpmsitOI/uR7rQgRdqKXkAjoTg+9PPrkYA70h2kA+1UMjO1wO4zTHTHB6GpZAAFK42kjFIQCDmgRV1QmSSKZmdnkTJLHIJHHHp06VRPPJBH0rqdenh+zWkdxAsiJBGgdflkX5AeD3HXg5/CueNozAtbsJkH90fMPqKlrUlO6C1uJovljdSP7rVfju5No8y3YD+8hzWYke8ZUjcOoPBqaO5ki4cEe+KpLuM0jdRBC+T8o5UjBp9k7SwiR8ZYkgelU0vUPUj88VIJYzyP5ZpqPZiL4GKWqAlT+9j9KeJD2c/gafKwNCOTZj9DVsEEVj+Y4/jP481Il1KuOQfqKLMDVorOF+w6r+Rx/Omya1DFwwYn0GD/AFpPTcDQcfOh9Din1Rv9SitBEhy8siK5UcbcjIznvz2p2tTJp2BBfrcSCV43WH5QNuMHPcHd+hpcyC465ukj4HzEckCufu7prlmAPy9znil+33spxHLKq5zhGIrVsbW4lSJrjVYrcSyiNUZ8sc9SQPuj3bGSfxobdhNtanOg7fm/Ktvw4pRbmaZfNsyBHLCTgSZz+RAyQexIq1cWGo291cW8d8rNbz/Z3CqcKfmxzjGDtNbkFvJDplqnnkzAF7pxjgnt/wABAA+tQtSXPQxLrToba1mL3Bn08j/R2YfvFf8Aut6Y7noe2c8YNrOlnJIZIEmJQqu48KT0b3rc1bXbq1uY1ilOVO7YwBXHYEd60LCbXdaQ3Gk3F7GVwkgIJVR2w4HIGfunkeppPTcI82zRj/2xZ2usy3VnYrKPMZo2bKkZ6cDgY5rT0zwLNqN0817J/Z1qw8xFkTEroTxhew9z+tdzo9pd6dbqdQu57y4DbmlkjZ1X02Ajj64J+la8d0Lq6S6s7xFuo1KHOHDKequpwSOB6VzSxMISsvvOqnhZNc34HmXiPbpsxsp3FzbAjy28wNLHx3+vWuftLJL++SCS4EO7IWRlyCewOORngfjXoXii4vMNPPa2UEnmBGlt7Z/3inj+8QCP9rHTvUem2WhXF4gvrOCEMMtcszMWPb2UH19vxrdVE0mnc56jdNu6aOHsdHaSdhdXsdpbq2DMMvu9kUfeP1wB3IrROhafdRu1ld6huTgmaJW/NVbcB+dT3ljC004tmwqS7VGcADk/h1H5g+9OvJdNt7MRW8UsV2pBkLHKsAO64yCDnnpz61ejVw5n95h2eg3d9rUOnI0SvKciZ3xGF/vbvT9c8darXVj9gvZba4k+eKQowUZ6HH5d+9bE2qtDbSMUCyOdoYncV3AH8xtB/Gsy7dppGaZcycbw3HPr7ZGKB3bFu7eFbOF7QMfMYjJ6tXQJq8SQQ2VmBJLJ8rP0VM/zIHp+dc7eglYVjAcbPm5JGfaugs4dMttPjuQIvtCrna8hPP0zTB7FCey1G5uDNLY3ZeU5G6Bhux7Y9MdKSbTbmIhxa3CK38LxkFT6fT3/AK1HLfxWVxKTe3Nx852Qo7qqDtuJ5yB2X8xTReXErk+dM2Rh0LkMPpn061Oo030HSJciPy1gmVM5I8s8n39f6VWMM3eGX8UNOeWZJNpuJME8NvPI9a0pbKNJLRINVFxJK6pIiyEYyQOPbk8nFDdhOTVr9TJMbjqjD6g1Jb3L2r70jjL9jJHux9M9617vRHtdPju5NSUxPcNDujlMgGO3H8X5D3qL+w7l7+azS8V7iIndGCxIwwHPYHkcZNK6aFzprUzbzUbq+IN1cPJg5AJ4H4VWqw9vIZCizRuQN2RIMH/6/tSGzl2b8xEYyQJVJH4ZpqyKTSVloQUpOEC+pyaaCOvpSZplC0lGaSkMWikopgFFFFICS/m2p5YPzHr9KzqV3LsWY5J71Lax+ZOo7Dk1W7JL8S+VbAdwMmso8kmtiX/Vt9Kx+9DBhV7Tx8jn6VRrS0xC8bfXJoW4IWZf9Iib1BBpaklH3D/dYH+lNIwSKoDNmTZKR2zVyE/uF+mKivE4V/Tg0to+UKHsanZgaOcrgqSAO3elOOm0kZxTY92MAj2yKd8/qv5VQxDjAGCBuAwamWyd7Oa6d0it4vlZ3OMseigdyf8A65xTEjaR1UZZicKqjqaqapfme3htFBVbZnzg5DMTy314A+gFGxLvsRatdm/umnQnyTjav9zjGP0pdFIF6ecMVOKbaRRyw/KSsgPJH+elDRm3kWQjYynIdRx+I7fhRZ7itZWOgltLO+UGeIpIOPOh4YfUdG/Q+9UbnRLy3RpIdt5AvJeEfMv+8vUfqPerlvMsiCRGDKRzg9KuRStDIksbFXU5DA4qkLVHLCG3nHXa3qKY2nSJzG4P6V3tzaWGsIJLu2BkYZFxCdkg+uOG/EfjWHc+GL2HLafMt3GOfLPySD8DwfwoaXVDujnRHdpxsY/rSH7T/cYfRauPcmCRormJ4ZF4KuuCPzp6Sq/RhQknswKI+2HgGTHuMUpiuz1Z/wDvqtCinyeYGb9kmb7xb8TmpI9NJIyefSr1IXCclgMc5zjFHIgIY7KMlUVC7sQqqBkknoB7mt6PQ7GxQfax51w3JUHIH09fqfwrR0OxU6Y+qRwBrry2dVxyq8guB7gEn0yD0qMObdFaNRNdz8qT2H+H+elTo9ib3M+6t7aJMvA8K9ASu0fmOPzrCv7eeJ8Lh45DgMP61097czxWtzDc+VKRGHBQYBy2MGsVGEJaJ12xnqhOdvup7j+VDfQaJrO01K1to5b1rj7PkNEC5ZM9m44yPfpWjDepbWE4k+cS8RqD94//AK8flTpdRgk0qC3NvFFPBwZlG0sO2T71z8moxmZWgBkkB2KpGd2e4x3PSlohWvuaun6FYSTLfeIL7ZC7cRJkyTH0VRzjtnj2r0LTdUE8McGmaSsNvGNsYuJ0hGPYc/rzXB+VE+pQaZaust5tzeXC9IgBzHH7DozdSeBgDn0TSfBQ1PTYZ7q5mtYGXNvFBhSB2Zie567fQ8nNYTpKfxs2jWcX7iJNUu9X0qBpX0GadFGS1rOsiqPcAbv0otpLHxBYQ3sO11ccNjDKe6n0I6Vu+H7bUNK8zTr+T7RFGN9rdAYyvQow7EcH6Hj0rnvE1uvhjUDrlom2wndU1CBBwCeBMo7HPB9a5KmGjb3NzqpYht2lsQX1q/ky28jF43XGX5x+P1xz/KuFmjli3eRI0fYqRuA/A9vpXpVxIsnlsCrKy5DDkMDyD+NcHqMPk3twgHyq5wPb0rnoSabR0VqcZJXVzm4Bd2N4wZo5458llbOGP4dDzj6Vcv8Azbz/AEr7JMiYCkb1IOPTufyp11BO7RizjklnDgxLHnc2ewx3rV0ppfElsIvMjtkjf9/Ldbcx9gExhnYnIwc9e1epTneN2eXWSg/IytA06e91kSrBBdW9um8K6l4yWB656ngn8KztUvoZJruFbUozSH5Vkbap6cA9hjvXtun6BZaDpi29rGwJPBf7zuepPucfgBivGfEFksWs3TwjpI+cdyOaE25M56VRTk7GfbaVcXCD/R5Fx0Y/Ln860bbQp0x595IqD+BCf51tI+9Fb+8AaCG/hI+jVzyryei0PUjh4rV6nI3xew1uSR1LsH8xS3fPIPvVZ7+eQDfIzspyGY5b866DxVYyiztrt4SFBMXmAhlPcDIPXr1xXMIFZsMcZ6GuiEuZJnLUhyyZpQ3cVzERcqRIvSRepHv64pz2zFC8JWaPuyc4+oqgsMkUq5HysduR78U0PLaTsFdkdTg4PpVWJT6Mtf07U5JHQlldlY9SCRmkGqCTi6gWQ/3l+VvzFSKbSb/VztGT/DKM/qKB6ENOiiaZ9owABlmPRR6n2FWE065mcJbqs7EZAjYHp/QdaddRtbx/Z4UcpnMkuwjzG/8AiR/9ei4m+iKchXefKDBM8Z602g8df1pMj1FAxaKTI9RRkeopgLRQEZ/uqx+gzUqWlzJ923mP0Q0gIaWrQ0m+PJtnUer4X+dL/ZN1/di/7+p/jRdAY9X9PjwjOe5wKo4PHvWvDH5cKp3A5qkJCTf8e8n+7WRWtc8Wz/TFZPehgwra0QAxvn3FYtbOjNhQPUkU47gSTJ1H4VFJzg1cuU+c/wC0M1VIyCKbQFaVfMjZfUcVUtW2zY/vcVeqhMDFOSPXIqWDNWM9DU1V4jlP1FamiAHUo3ZVaOAGWTf0CqMk/h1x3OKpA3ZNl21jtdOgnNxctBevEVWQx7lg3fTndjjPOM+vNc1LoV0qlrcw3aAZ3W7h/wDx3qPyrWuJomhlkMqyoQcuP4v/AK5rlgSpyDg0mRG5KDLazAsrIw6hhitCO9hkHLbSeoIqrb3k3mKjzHYf+eg3j9a2RptvMMTwRq/96Ilc/hTi2hsoKgDmS0lEbHqAeD+FXLfVTFhLyMp6OoyppD4etyTieVPQ7Q2P5UJ4dunyttewvx92TKk/mMfrT+QXTOg0y6STKo6uh5Ug1oVxaeH9aspBLbx4cHIaKVT/AFrRg1jWLUhb7TpJUHVlTafzHFCfcXobGpkyoizpHPGRjbKu7H0PUfgRXL3lnpyzbVlmsXPTcDJGf/Zh+tbUuu2FzAVdpYJByBLGR+oqs3k3UZwUlTHIBzTdnsCVjFa0voULQ+XcxD+OBt4/Icj8QKZGL+aCSdLaR4o/vuFJC1Bewi0vGWJzt6qQeld3o1+YdHtY45SJEiD4zyxOWPXrk4H4CpTd7XG3Y4M3j9159zUck7S/LgAHsK7yPW4JbR7VrK1Ik5WB4wR77D+u3t244rmrrTIJ77zLU+TEUL7MZ2kdh/OhtvqCdztI5W03YBIYjbYjVumMAL+uKlSxt5rWa7sAPtCrloM53D1j/qvX044qnqbrLcEkfI91yD3yc/1qLzGjht2jZkYXClWBwRhv/rU7EW7DnswLKdSAZGXMjN3Pv7DpXNTW6xJg58gnnB5iPqPb2r0DUJbbxBCiTeRa6mzMfNfiCdgpxv8A7rZ79M8mue1zS1sr97ZLe5TbGvmpNHjkjkrjhlPPIyKHuCetjDu4Y2tSr7tigZI5IAqOwtoNMU6q7GWNTstyvH73Gcn/AHQM49SKWxhZ79In3FSfLdv9np/UH8abrUZstA0y0GQRLcO/uSwT+SUvMr9S/wCCLV1uHu2GY5VaLcexGD+vP5V6VdeII7jw9/Z1xdpZ3qbGt5nOEk2MCA3p0Az06H2rgfDIZdM3LcPDIxzho8qfQnt7Z4NR6jMl7elmZpJIgFO4Y2nuAB2z37+tKyaJu7s9Bf4mYBt/7NnmvHXEZt+hYjjgj1+orWmS61Lwi663bxx3U9uRcRL0U/49D7GvH/tMr3JjZ2YKo2sTkqPT6V0mneNpLbTL/TtSlzGtmzW8jZLb84CfQ5z+FZzhpoaRfRieCNeW40ptPuXzJZAsjE/ei/8ArH9CKpzStcTySt1dixrCv4/7MvLS7h+VHQLIB34GfzH8q2sg4I5B5B9a4qlNQm5LqehRqOUeV9CpcFkcbGZHUgqynBHcfiKtTWepabPc3WqQr9nZ13Tocgt03kDkA4GT61SuSfPCj+IgV3ljexalZksq5A2yoeR/+o1LqumlpdBKhGre+5S03xKttBcXV9O88kduRbyO24KvcD3PB3dSBiuDkla5DSyfeaN5Gz23Vp+IvDEVvMxsZ2jtWYM9uScL9Pr1wemRVG4iaOweYoVSVXMbHuq/L/MGvQprS55apqnJpM2NJsbi6022lCFYjGuZGBx0/WkudtrIVaRTjkMAefzFdR4Y0yG58L6a8ktz80C/KJio/IdqlvdEtvIlhjhVZCMq55bPbk8+1eVKolJp9z2owbimuxxk9m2q2NzbIyxlk3pvBy7KM4HpwCMnHWuCr0a3dorqMgfOrgYP+fwrgb2D7Pezw8fu5GXH0OK7sPLRo48RG1mTWlxkeW3p371o6laRXDx3AGDPGHLD+90P6jP41ggkEEdRW2kxk0i2cn5klkTHrwp/qa6b6o5HujNlsJY+Vw49utFlYXOo3sdpZwPNcSNtSNRkk1s2NnPqUxjtUyVG52Y7VjX+8zHgAeprWutSs9Os5dO0VmZpl2XWo42vOP7id0j/AFbvxxRZD9DPv7+28O6fJpOkTpPdTrtv76M/Kw7wxn+4D1b+Ij064UWqXMP3XI+jEVJNpbDJhYMPQ8GqTxPEcSKVPvQw2NRfEE4+9h/99Q1SDxCv8VpA3/bMCsSnIFLDeSF7kUrIdzdHiKIdLKH/AL5oPib+7bQr/wAAzWWlkJRmKZW9iMGj+zZezIfxo5V2DUvnxLc/wsV9lUCopNfu5OGlkI/38fyqv/ZkvcjHsM09bSOPqCx96dvINSJ9Rlfk4P1JNM+2SeiflS3bJkIigbepAqtQIsW6ia6Xj5RyR7VrQjfIB+JrP09OHf14FalqOXb+6tUhopXR/wBGb3rKrTuz+4P0rM71LBj1TKO3ZRWnpZwif71VFjxp7t3Y1Y084gB9GoW4GtcjKA/3TVJxg/WtJxvQj1FUXGQatgVXGD9aq3i5VX9KuuMj6VCyhkKnuKlgNs3zGB6cVe+1Cz0y9BSUSXKCGKQD5SAwLjPrgAfjR4a0hr65zcEx2wblv7xHJA+g5J7cdyKseIQNQuHNuPJtbRBHFGemSen1OQSfU4o1sS2noc5HNJCcxuyn2NS/a/M/10MUhPfbtP6VHLG8RKyKQQcZqPFIZORAeTHLH+ORWhbaoI0VGdWCjAZgQf61RgnzhGPPYmpWhRuqjPqKpK+qEbkWp2sgGZ0B9zip0uoSQUnjyDkEOK5drQfwt+dRG3kHbP0NO7XQLHottcpcx/eUsOGAPX/9dZ11HNazYWR/LblTk/54ri4oJppliiRmkY4CgcmujsvC9yZFjuWlaU8+TGeV/wB49qXOJ2W5ftbW51K5EEI3uRklzgAepJ7c1Zu/Cy6VGt6kkLXEZ3ABCEB9/UZ9vwqq9i2kyE2br5qjlgSQCOwY9f5VT1vxY2oWSRIQHI+YL0X8e57VLk3sTq3psY9/q8l/OZLiKF2KgFvL2k+/Hete8C+XaPYkfJAhAJyGBHIPoQcj8K543s7DDSZ+oFdDp0UU+jLL5oWYSEEH7uPf0PXnofbrTW5b0Mu/vo5YfL8qSOUEcH+GpLC6muBI0nIjwWkJ9Tj8zn9KJ720yRNC0jL9wgDB/H0/Oq91qgltlgghESZ3MM53en4dfzouB2Vy5uNNEycsVjmwPVeD+qmqt5eRRw3EYO50ZZ41AzkHn/Gs3w9qeyze3eT5lJ27vRuPyDBfzNRLE2/Yr7JYhhWIzuQ+v06fhVXuSlbQ25tSiuIQURuoZc4wf/1gmtfR9Y8uAWM6/bbCMErFKSDCT/cY8qevHSuUiC28ccRcZA2jJxmp45WhO9G27eSf8fahq+4NJnQTaTFNqc0mmS+arR7zC/Ei/L6fxYKjketYfi6AtDYAqVKySqykYxhtx/H5xV2w1F7wiRfkLEBSBgrk4/UAmqGv6rLqUOoxzEyS2twrq5HJDLsbPvlV5pK6uidU0WvB8gmtpAMozuSWXg4AAwD2HNUprhpdWnjYZ2uyhiecA989f0qTwXK+3CAMV3ZUnGen696guLdhqtxLkA+a3yZyRz39KEPqx+VDgbQC3PA61m6lmSeUbx5cEe4rnqxH/wBcVoORGDNyyKpJXHI/z0rFlmdrYh/9fcsM57KDx+v6Ckykb2tDzdBgkPUbD+Y5p+m3Ik0qFyclRsPvj/Iqn4kvBElvp8RyVwz+2OAP6/lUOjyHyZY88K24D61z1VeNzqpStKxoOSZg3fk1qCaW2s5J7aQiQEK4/uoeje/PHtx61mxoZJAPbmun0nRxe2UxkBUzLsiI7e/0/wAK5edQacldHQ4OaaTszGnvHbR1xmS6nbyYgTks5OP061L4he2j0B4YGWSC0t1t43/vEcFvxYk/jWgPCt3HpTTgq1/b5KRIScLjnHqxz/IVyF28t15WkIrrLPcIpjdSrKenQ/UflXbCrCabT2OGVKcGrrc9P0PzLXw5p0QtpnK20edpUZ+XPc+9OuH1KUFks0jC/wAU0oOPwWtWONYo0jX7qKFH0HFBGQR6jFeLKV23Y9iKskjzvU7WS3v3E7K5b5yEG1TmuT8U2OzXr2SH7jyeYB7MN3H513fiSSJLyEffkVcMgOPz9B1rldWCSancPJJyGxtQc8DH0HSvQwjbd32OLFWSt5nJBSWCgEseAAK6hLCKy8LRtqrSQkXpZY4wDK3yDj/Z7dfyNUZJWgybNRbueso5f/vrt/wHFV7xpI9EtYXYnfPLL19lXP6Gu1p6HC76FmXWWvYBbW6La2inIt4z1PZmPVz7np2ApiOD9axkcxsGU4Iq/DMJRkcMOo9KpNFLQuhiOO1SELIMMAw9CM1XR88Hr/OngkdKYEMumxPkxkof0qjLYzRcldy+q81sCT1p1DQWOeBKnIJBHpViK+mjxltw9DXR2kGkT2V2mpROLhgDBNGTlfUY79utc/cac8fzR/Ovp3qdRFqLU43wHGw/mKLu+jEOIyrOfTtUut+HpdDsrB7pj9ou0MvlgcIvQZPcnmsShO6BO4UU5Y2cgKpYn0FT/wBnXP8AzyP5ikBbs122w9SSa0bYYtpG9c1UQBAAOgq+g2Wv/Ac1ohmPe/6k/QVngZOPWuy8L6bb391eNcRrM9vbPJBCx4aQKSufUDHTvXJW6b7lAfXJrO92K92Xpo8WTKP4Vplh/qD/AL1WJh/oU59sD/P4VWsP9UfrVdRm7GcxqfUVVlGyUj3yKmtjmBfbim3I6N+Bq3sCKZGCRTrOz+1XQiZxHEAWkkP8KDqfr/WiQdDSx/PiIYzKwDf7o/x/pUgzp47hbXTDNHFsMihIIv7qk/Kn1YkMx96o6jbrFHsQAm3USuQM+ZK3Cj8Tk/lTxci51CztwP8AUAysOxP3V/mT+FPmkVrq1Xr517k+4QcfqBT6GZTvtOGnaZKsirKsSkkkZyx7/mawZdKYTQxQk+Y0W9tx4BrsdWjE1rHAScTTIhx6Zyf0BqrLbLNr7rEMeVbICfqSR+mKGkxpnEOhjcqwwynBx2IqQXMg64YVs6bbLNe3jMquoYoARnPJqtc2EJv5IkBjCkA4PA7k/QD+dSk1qh3KYulP3gQfatHR9Lu9dujFaKEjX/WSsOEH+e1QWeiT3k0KRsoSU8s3G0ep/D+deqadp0GlWMdrartRRyT1Y+p96HJ7ETnyrTcz7Hw7DpiLFZ5VyP3t03Mjey+n9K0RaxxQGGMGOI8ttPzN9T7+tWaqXN0EtpJR91QSPf8AyahuyuYXcnqcb4z1RYgtnbBUCgqNoxgd/wDD864to2CBiOD0q9qE5vtUkYnK5wD7D/J/OkuF/csCMYHAqox0OmKsrEWnxRzahBHPu8tnAYL1xXqEf9l32nvCkMCR/dC4AK8f06fhXn/hfSJtW1ZREqlIfndm6D0/WtXUY2hkmlErh4Ccspzu2+vseBUsmertcyfEVnFaagkNt9wrkAdCdxGfxwKyGUoxDDBFW3uZr+7Es7FiBjOOgHQU6WEOgz+Bq1G6LV0rFSKQxSBuo6EeorbhlN1GrIw+0RDKk8bx/wDX/Q1hSRtGcMPxp8M7QkYJ4ORg4waSdhm8+27wV2iVBtaNx+h/nkUwxncEnSYnaWVDJuVsfr+dUxqcUuPtUAdh0deDUw1Kzgy0cT7yMZPP6mqumIuWN89qHuD9xRuJI6ufT2A4q5oeiy3dtfajPKFiknFsS33W3c7voGMf0BrAae51m6itYIzl2Cqg5yfetrxFObHT9N06C48yGBCwZG43nhifqR+QoTV7slp7Id4fmntdVltZIwksRZGxH83HXgdTx9eO9Lc5jv7gtly8hYSAfe/LofbitS2S21a6g1S1i8qWaLbITJnEq4yRn14PqPcVUuLKaGeberF2YuxA4OeePXPp+FPYSd2ZlzKBIlvzyN7EHG1Rz+vSsKSd5r0ybdzbshcela1xmBZ5J+JpBkrnO1ey/UmszzUhh2wkGVh8zjtUMtDHLzXRaRi7scsfU/54rXsIZbW9MU8bRs0eQCOtX/B+lLJuv5lyFO2LI4z3P4dK7GPQYdXdBMGUodwkTgqP659KznqmjWGjTZjaPpxvLlUOQv3nPov/ANeu/s4VjQMFAGMKB2FULLQ5NKDBMXMbNlmHyuB6YPB/Aj6VpxXEUpKI2HXqjDaw/A15VaM09VoenRnBrR6khRSQehHQjtUMtrBNPFPNBHJLCcxyFBuX6HtU9FYJ22NbXI3kx0RmPoBUMv2iQEuywxjqB8zH+g/WrVVLqXL7B0Xr70Ac1r0MVvBCVTG6UszHktx3PeuFuXaS6md/vtIzH8TXcai41HXLezB/dK4Vj6d2P4KD+VcLLIJZ5JB0diwHpk5r1cEmk2zz8VJOSiiJx1P50upRD9zARlYogD7MfmP88fhUkYXeN33Ryff/APX0pkpaR2kP3mOTXa1dnI1dmNNbNHkj5l/lUIJVgQcEdxWu8fcflVWW1VslflPtUtBYIZxLgHh/51YBPY4Pv0NZskEkfUZHqOaliumGA/I9fSi4XLv2gKdsgMbdieQfxqYHuDx2xVcOkseDh1Pb0qIwSRZa3ckd1NVcDREg707PofoaTw7aT6/rVvpyoUaRvncfwKOScewqbWHt4Nevbe3xHHDM0aoTjAXj8TxSur2C6vY3tW8T22t20P2yxLTxRhAQ+Fz6+uD6VznloeqLn6U1CzsFClmY4AAyTVi6s7ixmEV3E0MpUNsfggHpkds+9JJLRCSUdERjjpwPalpKKsorAZIHqcVoyYEL+y4rqB8L76Nw39oWrFTnbsYZrO1jwtqmlW0jzW/mRKpzJEdwH17ipU09mQpxbsmci19cafcLLayFH6ZHQ1HBK11cyXEgXceu1QBk/Sor8/Mv41PYpiD3Y5pW1uVbUtTDFgf9rJ/SqVh/q/xNaN6NkKJ6KazrD/V/iab3A1rI/u2Hoc1NKN8Z9uRVeyPzuPUZq3VrYDOcZB/OkjZ1mQwxmSTcAqAZLE8Y+vNSuMFl9DiregyR2uqfbZgDHZRtcMD0JAwo+pYgVIpOyZFYStJqV3Jh0ZdqhWG1lx6+hzT5rlo7/TCcfK7N9Sa5/wDtG5+2y3QkPmysWc+pJyamk1Rrh7ZpECtC2dw7jjt+FF1YVjsZbyOW4teCAshZs9vlI/rUGlyibX9WcEFQY1BHsCP6VVimiuGV4XV155B6Vn6PKw1O+AYgs3Y4z81N7oRq+GYlFrcStgk3DfMRWdFatqN1KVPN3Ox6dIgeT+JAH4VZ0e6aLSZFAGGZzn0p2jzfZ9HadADcyYSNT2HQfhkk/jR2A0tONpb62POlWOKEYGQcEjH9efwrp4dSs7hwkN1E7ngKDgn865CS3Wzm8kNksu/JPLHoT+J5/GkIB4IyPes29dTKSuzrdXuWtdPkMf8ArpCI4x/tHj9OT+FZHiG4Ww8PPGjZKAR59wP/ANVU4r2Q3No11K8kVu4I3c4H9ce+elUPE195mgqoKkzXDknrkZ4x+VS9WhRVmkcjBIIpQzAsParc1xDNGwDYfHQimafGszvEVDMwAXjpzyfyzVxNIWa/SEBl3TLHtHbdjH4HmtE2kb3Ol8E6jpmnaY8UtwsN277pPNG0f7IyeOnP41DrkSLpKSRsrNJA7NtOc85/rW9qNxF4dv01KGHKuqwzQsm+K5UcbGHZsDKt04wa6ceGPCev2cd5Dpdt5Uy5DQMYiM9iFPBHQg1m2lqzknVjB8zTszw2CVWQL0YcY9auREEFD9a9Vn+FfhmXOz7fbntsmDY/NapS/CSyPNrrd1GR082FX/kRVxrR6spYyi+p5nNACCCMr+oqjJbsnK/MPau71H4f6vpuoQQvc2rWMzhDf4OyLP8AfHVfTPTnqKk1D4Xa9byH7H9kvlB4Mcvlsfqrd/oTTc4PqbKtDTVannVLzj2rqLrwN4ggOJtCvs+sUe8fmuapP4O18MAmiamc+tq/+FS9CuePc6rwxpUGk6EJ3I/tG/j37wM/Z4P/AIp8fkK5TW78TajKi2sa7cKCOpA459a7FbXVrfQ8DQtTEqQ7JC1uwAVVA6n2X9a5dvDeu6pM0lpol+8b8/NbsBn2NU5K1kRFq7bZQtb2bTcFAfLY/NE5OCf896dca5czIcS7c8BQDx+Nb1t8PPFMkO19JbGePMmjXH5tVmH4R65MxMr2FsCej3G7H/fINS5JdRupTWraONlnJslUks7uWYnknFV4o3uJkiQFndgoHqTXp9t8G12j7driDHVYLct+pI/lWta/CjQbb5jealJLg7WDKgU+vAzx9alzS6mTxdGPUz9OsVtbaC0QHZGoUn19T+PJreTVtN0eNFu7qNZ5CCIU+eRvQBRz/wDrqe18B6Ha2qRPb3F1gZLTXMmGPc7QQOai1ttP8O2kFlptvZaXPf7ka6RFQwwqP3j7jyWwQB7nNZppu1wjjYVJKELtkuj63LrUkzw2UtvZxMY/Mn4eRxwcKOgHqT14rTlhiuAFmjVwOmRnH09PwplpBBa2kMFqgjt40CxrjotTU2diK32WSP8A1E7Y/uyjePz6/qaTfcJ9+33D+9E4P6HH9atUyaZLeFpZDhFGSeuf/rmsZUIS3RtGvOPUpXF/Fbp8++Nm4AeMrWPf6vDbWzPDIskp4UAE4PqfpU9zdPcuZH+UAcLn7tZ8solZjJMIbeNd8krdI0H8R9+wHckCs1g4t6Nmn1uSV2jCubk6Zod/qchYSSqbW3yMFpH++R7KmefVhXJ29ykqDkA9Kk8VeITr2oL5KtFY26+XbRE5IXux/wBonk/l2rOtlFvtuZxmMfdTOPMPp9PU/hXdCKgrI43Nybk92anP50lVV1F7mQvKQXY8joB6Y9h0xU6SK/19DWidxg6dxTCgPb8amppQH2oAhMZ7GoZIVP3kH1xirZQjpTaLCL0XhC6j0e51SaQW0UaZiUsGMp+g6DHc1jCVkx5g2n+8Ohq7vfyzF5jiMnJUMcH8KiMfpyPQ1KTW4kmtzsPh1NDFqE1wSvmjahPoh/8ArgflWR8QtBlsvFVzMgHlXZ89PfP3v1z+dVNAuRpd60yZLn5WiJwJFPoezA4Iz15Feg35svFOgxwzyMsqcwXIXO0+jDr7Ee1ZN8s7vZmLfLO72Z5noGuyeHbia4ji3XYXbAXGRGe5wfaq0usy3VxJPdlpJZGLM+eWNal9od9aEpc2bSIDgSRDzFP5cj8cVTTw7d3Z/wBFt5eezIQB+J6Vaa3TNU1vcZFfxPgb9p9Gqb7Qv99fzqPWNITSLWBJJRJdyEswQ/Kijt7knv7VjVSlcadzs7vxtqusXQg0uMwBumDuf3JPYVv6bdeJ7G2Etvq8V9MOWtJ0yCPQMef5Cuas0gsIXhs23k/fmxgt7D2omdhG7BmDAZBBxil7O60M+TTTREniaTStas5b63gOmarbsBdWLcLJk43p7g4yOOOayLBM+UD06mqeqTyz3IaaR5HC4y5ycdq3F06SzSzmIPk3UAmiY9+xH1ByPypxVnY0StoV73mTH+zis2x/1Y+prRuTmdvbiqFqMD8TVPcZ1Xg24sY9TaHULKCaN4nPmSZJUgZ4HTnp6+9VbjZ9pl8kbY9x2rnOBWbbSNHOhUkEnGR71foitWTbW5WuBhwf7wqtqcwtNMW2U/vbsiWT2QfdH4nLfgtaSW63M0UbnCM3zH0Xqf0BrmL26a9vJbh+DI2do7DsPoBgfhRLQb1ZXoooqAJIppIHDxOyMO4NXLDUBBftPOCRIDu2j1rPoppgdJpEqGydN67g7YBPrTr26Gn2tuVQMoIGM+grFtbVbuN8OVlQZwe4pLqW5ECQ3GSqnKMef19Kq+grHR21x9rD3C/xYVGfkgD+hJIpZr9ILYTyIdjHgA5P/wCqqdrPGuiERupdIzlQeQT/APrq06K91HAygosRJU9+QP6UNJiaT3IV1+zPUyL9VzWfq2oxXUUcEBJjRi/IwBn/ACaWXSUlc+Q+zO8gHkYBx1rPltJoVVnjYK4ypHOanlsCSRY0ZwmpR5/iBUfWux061b+39OmVcxyKQ59GTJH58j8K4rT7aWe8VIhh1BkGf9nn+ld7ocyyvZSDoZDjnplT/jVR2Yp7M6LUYVuLCVHUsoAYgHB4OeCOhGM5HemW19rumsWtNSiv7d8N5V/HuJ9/MXnOO5qWWURzwo33ZcoCfXr+ozVS3lENwbCTIdRugY/8tI/8R0xWM720OdWas0ag8eWVvIItYsbmwfj97EfPiPvkfMB+Fb9le2mp2v2nT7qG6g7vE2cH0PcH2OK4nUrOO6tjvKqUBYMeg+vtXI+H9Wu/DeuQ6nbox07d5MwB/wBbFnkn19QfYVCgpK+zMZ4SE03HRntgPBHZhgg85o8sgDC4UcDHanSqschUMCp5U+orkfiJquo6PZaZc6RdPBdmSRNgAYSJtycqeDjA/OsVFt2OCnTc58l7HS3d9b6ZbG5vruK1hBxvkfbn6ep9hXLX/wAWdDsyVtBe3rD+JR5aH8W5/SvM9Qe61qa3u9RvJ7kzLt3yN9xvQDoB7Cq1loF1f3Nvb22Glmk8oqR90j19sDNbeySV2enSwMVZSd2es6N8TdLu7F7jVbuKxdpCI4EWSVlQd3YDGSc9McCt7T/E2k6y4j0/V7eeQ9Ii+xz9FbBP4V59qHhoaXpUtjbtukiG4sR9845P48/hxXnplQnDB2IPykHp9DSgoVF7ppWy+MX1R9JyBkOGDD60yvJfAPijWY9bisPOS7hvnC/6Y7fKVXjDc4OBjHIOB0r1spgkDkdqznDldjyq9GVJ2ve4gBP9fauf1zxvo2h2cri7gvLlflS3gkDEt7kdAKxvijrhsbGy0xWYC6bzLhUOC0Q/h+hOfyrPtYLJrVDawQiF1BXEY5FXCCtdnVhcEqiU5v5GhoXj66utHQxadNe3skrGeaaVY4EY9AvU4C7eAB+NX0gu9Y1y1m8TRWsL2oLWVrDlkkJ6ybjw5AA4HTGSK506dqcUxl0GCGVZMCe2bCqcdHHTB5xx+tYz+NdXjzbO/kwrIG8tF5jdT79CCMdq3UYNXW53KhGnO6SPXe9Fcb4f8bNdTJDqLxsrjKzou3b/ALyjsemRjntXW295b3iFreeOQL12nOPr6fjWb0dmdK1VyXgZJIAAySeMVgXt79tkBU/uEOUB/i/2v8PapdSvvtOYIzi3H326eZ7f7v8AP6dcp5GuH8uPGMZJJwMDuT2A65ph5sSWUy5AKrGoLMzHAAHUk9gK8/8AE3iT+0m+x2TMLGNtxJGGnb+83t2A7D3Jrb8SXUt7b/ZLeQWemZBlup8obkjpsX7zKOoAByeTjjHLHULXT8jSo2aX/n7mUbx/uL0T68n3FWlYhvmZAbNbKPfeg+aR8lv0P1b+6PbqfYc1Vlked97HJAxgDoPb2pY2MtxmUli5O5ieSTSSxtbyceuQaYEVWYrtlwH5Hr3FKI0uE3L8rjqBUEkTRn5h+NMDUiuMgEEMtTpIr9OvoaxI5GjOVOKuQ3Al46N6U0x3NGjioopc8N17GpaYzX0TwxNrSSTmaO0soj+8uZjhQfQeprQSHwfYPtke71Jl6sG2IfoB2rAub6e6jihd8QQjbHCvCr+HqeuTyar1LTe7Jab3Z3lpceBL8G3ksYoNwxulDDH/AALPBqwfCy2cbSaHqC3ULDIikmXcPo3cfX8687IB61Jb3U1k+YW+Xup5BqJU21ozN029mdVNrD2E3lXpktZOwnjwD9G6H8DVDUPE8awkpNFMR2EgA/Tk1JZ30V/CVIG4D5o25/8A1iobjRNMmy0luseOrKdgH9KzUUnqjKyTs0cffanNqE7STbcHgKBwo9qpYrorzw2kkZn0mYToOqbgSPoe/wBKxv7OvP8An1n/AO/ZrVNG6aN6zH7k+5p0jkwzBkZGXjkYyPUexrTsfDGsyQcabcjk/fXb/OnXyanoaKdW0qR7EnG8rnb7Htj8q0ckloNyS21OT+xT6jqUdraRNLNIQqqo6/59a9S8VaXBp3hLTbXcpls9qDHfI+b8CeaoaN4i0m0Rn0mOGKVxhlAAP681m61qrX8m1pd7A7mwcgf/AF6yTbktDLmcpLS1jmpjmZz71Wtxj8zXcaHouhx6JNquvFnXOVVWIxk4AwOSTj/PWua1UaQ9yZtFadImODb3A+ZPoe4PvyPer5k3ZGqkm7FaD/XR/WtCs+3/AOPhPrWhWiKEckJIQcERyEH/AIA1cjXWTcwyD1jcf+ONXLxJvkA7d6mWrF1GMCpwasWMSS3KpJIkatxucHaPrjoPei7Xo/4GoYf9cv1pNWYF2+0m4sXAliZcjK9ww9VYcMPcVn4Irs/DXiJtKzb31ul/pLt++s5V3AA/xJn7rDrxjP1rudS+FXhnV7eK/wBI1kWUM2NodlkTnnAyQc+xJoasZ8zTtI8Ztp2tp1kXt1HrWzHJHKAhAaNxuQH07j6ivRv+FAAgEa/1/wCnX/7KrMXwGSIAf8JBJwdwxajg/wDfVJOxV7nkJsQJHQOVZCcH1GMj+Rqwsl/azrIxWYlSASc5A5r0q0+CuqTSPLearBAyuyIoh370B4Y4bgnrjtmuO8VaKPD2r/2ZFqEN/LCMylYygQlcbepySOfbimrBcyFvZLfaJreVSYnVeOuTnP0plzfQSWdmEkO+FlypHt/9avSNH+G2qavpelahHqFhJGIt8ayo4OGXGD9Kd/wpPVPLjQ3enEJIz/x8g/w9O1FwTR5/NdLFrtpcxSqykbCQc4/zmtTRrv7FOYXHEFwrDthCc/lgkfhXRyfArVWxtvrAEE5wXGf/AB2n2/wU8QwuSdXsRuG0/fbj8RRcG00XdTt3uLKQQ/66MiSMjsy8j8+lZ1/e2eo6Il0ZPKmQ5j2n50k9Pof5c1JqNuz6wmhW+pzTmxAF/OmIwx6eWoHzE+pzx9ayW0wax4kXS9Pj2G6n8oEfwqP9Y3sAAf0qTBK25oPYahqPgqXXNTxHYkKsMKja05Zgu9z2UZJAHU4J4rD1CQzxOkESxReWUEe7IAx+le+6loNtfeGp9GCqkD2/koB/BgfKfwIB/CvmfV9RuLa6Nk6GOWB9sykfxqcEfTIpWRooNHomj/EhvstvY3mjvNJbwIryRXALOAMbgpAznGcZrO8T+KdP13W9IfTZGkihgk8xHQq0bMRkEHvhc8Z4rndFto9S1C336rBYysNtvJPGdkmf4GYH5SD68H1rpj8HPEkNy11b3mnyu7b/ALzKM5z6UciTuiFSpxnzJWZjJYxE3thjBVvNiwOgPIx9DkVveBdMM1//AGkn+rGBjptcDDZ9+g/OpP8AhXniiK8glNlEyRnaxiul3eWeoG7HI7Z9a6HS/A+pve315Fv0KV/L8hVdZlcBcN5ij5TnAPHI9aiupSi4R69TrpTjBqb18iHX4il6knZ16/SuK1Pwnp1xI1yWktxy0gjwRgDJOD0OAa7/AFHwn4wuYwpu9EnCn5S0ckZ/QmsW+8D+Mbq0kt2tdMKyKVLJcMDg9eorlp0asLWOmpiKU1qeV2M8mm6lbX0e5Vt7hXUk/d5DDP1Fd74r8fyajcGDQ4jJYwSh52YlWnC/Nj1CcfU+wqtN8K/FbpHGbK22CMIwS5A3EZwx9xmtGy8A+KLZ5HfSbEyyxiN5Guuo79B3rtcU9TzZRpzkpS6Hn3ibxJc+J9Wa/ukSNigRY487VA9M++T+NdB4cvmt7WKK5JCOMgk/dP8Agev1NM8K+CrbxY91Y294LbUrRicP88U0e7GRjkEH65BHSuu/4VH4gA/4/tMIH+y9UkrWLUlHRGp4fHEze4FQ674I0zXbv7UzS2twx/eSQ4xJ9QeM+9WdL8HeKtCtiinTb+MsAI97oy9uGPBA9D26elaiaB4s43SaL9Asv+NZ8rT0K509zzV1ufBl79naOWH+5dQoWSde2cd/UHNbEGrXGtiO4kMaKpwzQriYeoJP3c+hzweldfN4b8XSoUW50aNT1wkpJ/Wud1P4VeJNSuluf7R06CZV2+ZAJEZh7+uKl0U3zdSnWfLyp2E1abTo9KL2zT288bBmM8m5WXODu9sZOQByK4zxN4nCRW8Wh3syRyBmlbhXbDELyOVBwTt7ZBPNdjc/DC08NaHd6v4gvptTlijOy3XKo8h4UerfMR6fSuZ8N+CNS17WVssQNbrbxmS6KZECnpx3Y8jHfqeK0SS33MYppats4Oeea4mMs0ryyMeWclifxNRV9B6j8H7G4tra0sLoWVpEv7xfIEkkz5+8zk56dB0HpUEXwJ0MEme/vpCf7pRAPw21Vi1LyPBFJVgR2Oa1pYRcQn1IyMV1Xi/4S6p4age8s3/tCz34xGhMiKehYD8sj9K6Hw54M0fQ/A51nxrZyiUvmOEyMrFeAibQR8xOeD2POKEO6PI1WSKQlQTg4OBxVyMrMnGDnqprY8RatLrLgJBDY2cfENrbqFSIfh94nux5P04rm43a3kwwOO4o2Grk0toDkpw3901U+ZH7hhW1GUuEBPXHUd6gntQw569mFDQ7EcMvmIG6MOtdNYeFdXvLZbg2jw27DIklGMj1A6ke9cim61l+YfKeMjuK6nw/4t1LSLy3xdyy2e4K8MjblKnjjPQgelKV7abkyvbQS+0W5sAWfa6Dqy1n16h4kS1R5kRVC7fmA6ZP/wBavMOOcdM8Uqc3JO5NKbkncSiiitDQEke3kEkZwynINXZNKk1iBZn1CQ7v4SmFU9+Ae1UqDqdzpkeYNjIzZIcd6TRMot6rcg8u/wDDlyJOsZPJB+R/Y+lbP/CX2f8AzzmqkniS3vYWt9QtyqOMFkOcehxWL9mt/wDn7X/vk1FrkWT+JHd3XxhvJP8Aj10u3j95ZGf+WKqH4tay4KvaaeyNwVMTEH/x6uU0fTxqN8ImYqijcxHpXZwWNraxiOG3jCD1GSfqTScUugmoR0sYEur6Bqc26/0d7Fz1k0+TA/79tx+RFdBa6DZajZPc+Gb173ywDNbTKEmX3AHUH2/WqWv2lpLp0rsqJNGuUIADH29wah+HdvONYmuVJRIoipI65JGP5ZoTdrroHNpddBkN6bjTJNNnYJh98ZfjDDsfTuKyPLeKcq6lSD3r0XxJ4eXW4JL6zjVdSjG6RFGPtCjv/vD9a81Q/vmHPGOPSnFp6oqm01dF23/4+E+taFZ0JAnjyQOe9aNbI0GSHAHuSD+II/rXP2cWefU4rpEj82RI8fePH5E/0rHiiETuo6IdooSuxPcbdRBkPuMCsyLiZfrWw4yhHtWTINlx+INE1sxGvZHlh61JJbLzjJQHcIz91T3IHr0/KorPg/U4q7V2uB6l8H/FE93HcaFeyNI1ugltmdsnZnBXPcAkY9jivS7q4S0tZbiQ4SJC7H2AzXiPwnEUXjwGRpPMktpFiAxt4wSD+HP4V7B4nz/wi2q46/ZJcf8AfBrGSsxXsmfOPiTxrreu6nLdve3MEDMTFDFKVWNewwD1x3rmXleSUyO7M7HJYnJP41f8sGFSOUKj8KpTQmI+qnoabjbVDVi/Za3dW3lKl1cxbGGHjmZSB6de1e9fC/VdX17SXvdQ1FZoIZWgjQRDc+ADuZu/XGAB0r5xr6F+Bwx4Ec+t5J/JakTSvc7DxNrQ8PeHrzUzEZfs6bgmcbucf1rwCbxDrPiHUDcT6vOJHXzAsczRxQd9uB1IHPb3Ne9eMGsY/CuoSapGZLNIS0iA43Y5A/E4FfNsMrao87uY1MjGVIUAC7vQj0AwMelCFvIZNLLBBJcreNLLI+8yKWLB+5LHrn69cV618F9CuDbT69qCtvlHk2oYY+TqzD6nAz7VwOmfa9dkTS9Ptllk1AMqoTtEThec+wAz+Fe261r1j4X8OSLc30SXMMAUIjKZC2MAhM880NA35G9ZX1tqMBmtJVljDtGWU8blJUj8CDXlXj74UXuueKn1LSpLeK3uVDTmViNjjgkADkEAH65qt8KdUv8AT9eXSLy7dLG68ye2jba3muQCct1HHOBjJzXoXxBN4PAurHTyROsBJI67f4se+3NK1twbbWh823sdpY6o9tDcNeWsLFTIFChz0JAPbPTP1rY0vxbeaSjpZ6pfwxjmICQkL7FT8vFYFxYyW74xuXbvDDuP/rVCKG2ikk1qey+EfilrWq2n2BdPGpauXAjZSI02nqz46AeowOQOtdZPqfjXSoHkuNN0rUUVd2+G4MG36h8jA9ciuJ+BWpsL3UdNIj2FBOrbRuznB56kdOD0rtvitaLd+A71nuHhWDbNtU8S4P3T7HP54oIt5mfpWv634islvIdXtbUElWht7YOY2HBUszckeoAB6isq9+J2q+G9ZWx1KCDUIsKTLGPKcZJA4JIPT261P4Z0dPDGlXmpXfk2sdzHHK1vGDtgCr3J6sc89uK8k8Q65Jres3N6MxxyfIq56IOgPv3/ABrjo1JzqPW6R11KcFBaWZ9G+HPGGl+J0cWMrLPF/rbeUbZE+o9PcZHvWhq1o+oWL2yyNHHJxKy8MU7gHsT0z2BPevAvDJu7XSo9atHY6hbzMyEn/WIBzGfYjP44NfQGl30WqaXbXsB3RXESyKfYjNdiaexzNNaM+fI7aaXXtTtLSQ2MVlNNEDCShYNISF45CjaOB6VNpGsP4Vv7i8u9Ln1C4iUfZ/PnJjjPJL85yegGOmD3rrfiho0Wh6vba5bP9ngvG8i82rnLAblb2J2kZrEuCtxpruyY3QlgD/Dlc0r2ZUYqS80eweHZbu50S3vL+5jnmukWb91HsRFYZCqDzgDueT7V5drfxN8SyeK7jStChhkeOd4REIdxwpxksT7ZPQCvT/Cef+EP0fPX7FFn/vgV8/8AiLxRPZ6xrNjZQwwRyXk3nSKCHn+c/eb0H90YHtnmqVupG9jsr74heIrFoIP7XsZrts+aIrTdFGR/CH3fMfoMcHk1Bp3xJ8RpdWk11dRXbyzCL+zoIFDMM4Jz1Bx09TXl8moyS26wvGh2j5W5yK77Ur1fDel+FL+G0t7Ge4tZJZGji+8+AqufU7Tn2JobXQTTS7no/jjVre88P6dPGxME7vICRjlYnIBHqGxx6irXwxsxb+C7Wf8A5aXhadj65OF/JQBXmOua9pV18P7y0tJnlWK9he1Z2IdHdMyH35Eh9MtXqHw31GG58CaMBIgcwmMLnBbYSDgfhn8aVr6ijdu7Oa+KnjG90u7h0uxM8UHliW8mtziQKxIUA9h8pJI9hkVwC6hZRRi7sNQuIJlIbzop3WQexJPf3zXqXxH8DXfiJE1DRpAmoRJ5TRsRiZOuMnoQSfbk5rwDUtPvdNvHg1C2ktrgHlHTafy/qKq9iku56l8MviLLHrp0XUbiW4tLpz9nlmPzJIedv0Y/kfrVv41W4jutKmE07vK0hKPISigBfur0B569a8btZpLe5jmiJEkbB1I7Ec/0r0/4n+I7LxDHoNxYXEcyNFJvCHlH+U4I7H60kGzXY4rhxVO5gDAg/gfSrMZ6j8ae4DjFVY1Mm2mNvJsfgZ/KtQEOKp3VtuHow6Gm2k7D90+Qw6ZpLQRPcW4YEEcGodPuFsr+L7Su+NGDFT0P/wBaroIcfzqC5tllT0I6NQ1cGrmzqviO5v4zGqeWrdTnJP8A+usiOToO/wDOorWQj9zJwy8Ant/9apmj59D/ADpJJLQSSSsiYEGioEc5weD61KH9aoodViytoru5WGdN8bA5Gcdqr1CdYksLrNsqMwGGLjNJ7Eu9nYdrHh2SxDTW7GWAckfxL9fUe9YddNH4uzxcWowRglG/oai/tLQv+gfJ+n+NSrkJyW6LWiW66fql7DINpVFPPp/kitCW9Z8hPlX17mpdZgjj1eV1A3hQhIP4/wBap1cUmrsIxT95mFcAm/QsSWAbknNaljLJDCXjkdHBJDKcYqheJi9X6kfmKuW3/Hs31NNLU0Ol8NeKpHuYoLxgJs/upum4+h9z61m+PtHTTtfW9tkC22oJ5oA4CuPvD9QfxrA5GCCQRyCO1dTr+qpq/gDTJnwbiK7MTH0IXJ/MYNZONmmupk48sk1syt4P1cWepw2c9rb3FrcPhg8QZgfUE+npWz4s0mzic3emxiKMHEig4U57gdvpWH4chitphezspdRiJAw4J7mrmq35mBRnDu3YHIWi759PmJt8+nzKNhj+0ICeiksfwU1hq/m5YdWPNavmfZ4bqfOPKt2xn1b5RWPp7gOB/eXito7s06l1I1AGQCe+axb6Py7oVu1k6umHR/WnPYCeF1QAlgOc8nFXrXdfXkdpZI1zcSHCxR8k/wCfeqEPMf41d8tHAJVfUHGMU9baA/I9c+Hvw/1DQ9TXV9Vkijl8po0tk+YpuI5LdM4GMD16132rWP8AaekXllu2faYHi3Y6blIz+teafCDU7yfUb+xuLqaaBIVkjWRy2w7sHBPbpXa+N9ZvvD/hm41PT0ike3IZ0k6FTxx9CQfwxWMr3JT0dzzi3+BuoJCA2swLkZK+SWwfrmlk+BV64I/tm3wexgP+NckPFfiW8BnuNevlaQ7gschUDP07ewqF/EevdG1vU/8AwKYVaUrBZ9zrf+FA3h/5jcGf+uB/xrsfBfgPU/DWlxwDXrmEli8lvHFG8e7pkFlzggD0rxh/EevRnjW9T55B+1P/AI17L8HtQu9S8Jzy391NdTLduu+VyxxtXHJ+pqWmgfS503inRD4h8N3el+b5ZuEC78dCCD/SvnHxJ4Q1Dwneolw8Z3NiOWGQHcfp1Br2X4w63d6P4ct0sbh4JLmby2ZDg7cZNeK6Zc6lb61bz6Y8smoyOEhJAkLMeg+b1pJC1vodR4K+H+sazqH2jUBqOmwMN3mxpsL568kjGR7HNZfiTQZofFN1Hp2iX8VnCxjRzDI5Yr/y0yeuTz9K9r8XeLn8HeGbW7uollvpWSPy0+6Xxl/wAB/SvPbr44asZ3NppdqsOflWVizfjg00m9Rap9zlLb+2bUWFzbadqC3dlOJY1Nu+OD06dMYFfQul3k+taUXv9LnsTKu1oZ2ViQRz0PTnHOD7V43/AML31pSQ2nWXHb5v8a7X4ffE8eLbuWxv4Ira7A3xBCSrr369xSbuO76qyOI1fwXqen3/ANmGl3U8ELvHHcQqGEkRHy9+o4GPbNcjqdq1lGLO9sriC7iVSQ0eMD1PoCK9w+K32yPwo0lvbWc1srf6SZ497Rg8BkHQEE9ewryS1SD7Nc2Ea7Fnj3x5PJOMHnuQcH8ae41dG58HVSDx5OkYkVHsm2iQYJ+Za9B+LpH/AAgkyscI1xCGPtvFcP4IsI9b8RWM6TS2tylrI6SwnBSQFByOjDqCp6g13PxPt0uPAM9vcyqLiR4liAGPMl3DCjPTPP0FKSDueb/EDxzb6jFJpWlSmW2yA8o6HA5A9QeOfrXJ6PoEuoq1zODHZxjJY8b/AGX/ABrsrDwJp2mpDca0fMlc7YraIFmkPYBerH9P51uy6Xe2uuWFve2i22n3MR2QoAVWQHcFds/M21c4HHJAz1rGEFCNom0p3a5nr2MSKWy0zTPKnureLALhfMHGewH6V6H8KtSt77wLYQxXCSTWymOWMH5o/mOAR24xWDq2j6ebK4d7CBmEbMCkALE49hnNdJ8P9GsbXwnpFzFbwC5Nou6aNQC24ZOSOvPrVQ6kTd2iH4pTaZD4Kuxqnll2B+yo38U20hce4yTXn+hWGoeL7NotKhSKJo9puJ2G1eMH5RySenp3J7V1/wAabm0i8FiG4jV5prhBBk8qRySP+Agj8a8PjufJcz25a3lXlXgJQr+VaKNybvWx9Q+H7aWz8O6da3CbJobaON1znBCgGvP/ABN8FbPVrx7vS757WaWRpJllHmBixzxyMc/Wu38IWz2/haw8y6uLuSSJZWluJC7MWGep7DOMV4j458d+IU8V6lBaapdW1tFKYljhfaBj6d6OpK6WOh074DzLfxPqOqxPaq4LpFGQzjuMk8Z9eaT46W2+80C2t0AJR440HHdQB/KuDPjvxFMlrFLrV6Ft+UZZTknOcsf4vxzXQeONZuPEGm+GNQugDctaSOxXgbhJjP47aErj1T1OYvPBfiLTmMdxpF4Cf7kZcf8Ajualttb1/wAMR2trIs1uIJhd2yTxlTG3IJXPOGGQR0P1r3PSfGcur32hG1jhax1KFxKwOXgnQZZD+H8s9K4PxFo3/Cf33iTXPtgji0dHt4bZVy7GME5b0Vju6ZP0xRYlSb3O+0b4p+G9VWFHvRaTyKDtuFKLu7gMeDg8V0OpaPpfiCzEd9a295AwypdQ34g9vqK+T4psRmCX/Vt8wPXafUV0ngvxLHoWorFqGoata2pP37GcAL7lGBDD6YP16UFtaHd+Jfggqu1z4buMY5+y3ByPor9vx/OvKL7TrzRdTNrf20ttNG2Skgwcf1HuOK+qdGvbbUdNins777dCw+WYkEt9cAc+2BWV408IWPirR5YpoFN1GjG3l6FHxxz6Zxx0oFdo+dEJzkjHOKmqBN2AGGHX5WU9iOKlQ5H6VRqDoHFU54CcMnDDoavU10z/AJ60MRVtrnzPlb5WHargIP8AWs+6gP8ArE4YelPtboS/K3Dj9aS7ATy24fDD7y9P8+lOjfI2v17ZpwfP1oKA/WmMaYi5ChSxY4UAZJP+Ndnonw3vLpBLqs32RCMiJBukP17D9ag0K40/wvpQ13VE827mJWxtx1IHBf2GeM/lzWbdfFLWbmYlI7eKPP3FB6emc/rWcm38JlJyfwnbSfDTS/JKw3N3HJjhiVb9MV514q8E3/hpxLK63FpI2FnQYwfRh2P5j3rptG8exXrrHLNJaTk4wz5Rvx7fj+ddiZE1rR7qzvFV22EkEY3D/GseeSdmY884uzPAaKt6laGw1G4tSc+U5UH1HY/liqmK3OlandXQcX9yJPvhhn/vkVDit/xjYiy8STMoxFOiOv4Daf8A0GsOtYO8Uwi7pNGVfri5jb1IP9Kntf8Aj2f6mjUU/wBW3ocU6z/1D/WjqMoVALuXa9nn90ZBNj0bbj+R/SrHY1n/APL+fp/SpYMvR/wn6Vq1lJ9wVrDkA+ozVIDP1mbytMaMHmeUD/gKjP8ANh+VZtpJgI3904NTalJ9ovUiz8qIfzJJ/qPyqjA/lSFW6E4PtUp2dyToaoaumbZW/umrds++Eeo4NR36brN/YZrVq6Aq2pzGPcA1fjOYx+VZlicoPpWpp0U19IsFtDLLO5wsSKSxz/T36Uk9AbseifBoj/hINSGOfsqEH/gRrtvib/yT3V/+uX9RXCeANT0zwffXUeuLe22r3DrAsDQHBXPG0jqST14r0D4iWs954F1WC1ieWZ4vlRF3E8joKyk7u5F7rQ+f4iphQr0wBSugcYNU4fPtwqyQTI44ZWjbn9KtrKrIzANhSQQRgjFaqSZZXli7N+Br2f4Jrs8JXQ7/AG18/wDfK15VY6be6uimxsLu5VuAY4WIP49K9v8Ahx4eufDnhdbe+UJdTStNIgOdmegz64AqZtNaEt3aOT+PZP8AY2l+1wf/AEGuO+G1pAuprr+qOsOn6adyljzJMeFVR3Izn8q9b+JtnbXngy7jntjcXEm2O1RFy5mYgLt/Hr7A14xqngfxZp0UVjNp1xLbW53qbZdyktyTx1I6fhWauJvzsa/xN8YR+J7+GG0BFhZFsSH+NzwT9B096pp4X0Sws4oPEerzafq1zGJ0RIt6W69lkA53MOe2AKydPlvND1C1u59Nld7Vw4gnhbY+PXjqOoPYjNbHijXNF1iKYaHZSNNdzfaLq7u8M+cfcQ9QAfoPYir8kJ9Ehtv4F0fUJUji8Z6SxY7RlGV+fQE1zUlvqXhLxG23MV7YTdvUfzBH5g1VeEp8qqdxOFwMkn/Gu6+KFhLHc6Jqc8TRT31gguFfgiRQM598ED8KTWupWqfdHr2j6nY+N/CSyHa8N3CY54s5Kkghgffr/OvnjWGutC1mfTLxQ0llOVV+5H9QVOfxqfwx4lvPCmrJe2bMY8gTQ54lXv8Aj712Pxb0SDVbOx8X6W6tb3SJHMenX7rf0P0FJpoS0eofCG+SfxrJFCxaP7NJKARypJTI/MZ/GvS/iBare+DbyDC73MaRsRnYxdQGHuM1kfDLwMvhbTDcXRhlvpzu8xBnahH3Q3cHrW346infwley2u4z2wFwirzuKENgjuOOlIG9HYwPssWhXj2ljO13rskYa41C4UM1vGeBhegJwcKOOCWz3zbnTLyxSZ7Sea7tGZZZbWQ75WcdZUcniTOCAMKcYxzWqC3iy0sPEmixob2NGt7u2MgG9epXd0yrYZSeoPbND2HiaZY3t9NtYArfOk9zlmHTjaMAA4J65xgetS730CKjbXc5m08Qy6/YSR293F9qZmhitrNSLiVhwG+b/Vg9ScHaM85r0HwppMnhPwpHb6lerK0IaWeZzhUydzY9hzyfrTdE0DTfCkU97cy24vblt91duAgY+g/uqPT8Tk1wXxO+IFjerbaTptwt1amQSXrQtlSqnhM9Dk8n6Ad6aSQ+a7SOa+KfipPFt3atp8U4srUsodxjzGbHIHUDAHXHWuY8Mf2bNrENnrULG1uHEbTI5V4ieA3cEZ6gg1aluRc2paLEjySAgAjIYtx+uBWhbeDNX1HUpLKPRryO4abIklhKJGDjJZjxgc9M57VVgdkrXPoyyt0tLKG3j+5EgRfoBivmjxqRH4z1eJ9v/HwTg8dQK+m4VMcKKxyVUAn1rz/x78KbfxRdHUbCcWuoMMPuGUlx6+h9x+VJOzBLZ9j5/lgKfMnK/wAq19Q1iK50nRbdS26ygkjfjoTIWH6EV1EnwS8UxyERPZOoPDCYjP5irVj8D9amuYxf3NrBDn5zGxY49h60X1ugclo2VvhEr3Pj+2ZclY4ZXY9jxtB+vzYr0TwPo8M0viy7UYS91Ca3EYGFVEyAfqSxrT8PeC9O8J3+oalathJoURVI4iRF5575Izmofhi2PBMd5MQv2u4muCWP96Q4/pTbJ+JnhF/pDW801jcoVubRzC/HccfkRg/jWPJA0ZEcn/AW7V7/AOP/AIdtr0x1XR2RNRChZI3OEnA9+zDpn8DXkuoeHdVgZorzRr+NwcEfZ2ZT9GXIP4VWjXmWn0ZP8MvEFxoXjCzt/tUkNrcyiKaIjKMTwMjPBzjnt7ivpXqK+fvBHw51XVtatLy9tJ7OxtpVkaWYbHkCnIUKec5AGeOPevZPFvii08KaJLe3LqZSCsEOeZX7Ae3qewqGgurnzrrii28UavApG2O8lAx2G44qBDzj1qjcyyfbWuZm3POxaRvVicn9eatxnI9xTRa2J6KAcjNbvhM6LHezT64w2RJuijYEq7fQdSOOKbdlcG7K5gMgcf55rNurcxN5iZAz27V0WsXlvf6tcXNpbLbQSNlIgAMcY7dz1/Gtnw94Qiv4BqOtSfZ9PP3VJ2tN/gPpye3rUtpK7E5JK7OMs52uGCBWMnYKM5q+9vPGMzW8yDHVoyP516pa6xoWjxiDTLQIg/55Rhc/ieT+NRXnjiKJCBpV1cxEYba6nP4d6z9q+xiqzvojxrUL6fU7oSS5+VRGiD+FRwFH+etQmxugMm2mA9TGa7e41zQZ78yW0T2sh6i4iAKH0DD+uKsC9hdC63MZUDJYSA4ppvsNza6HK6Le28cwtNSgjkiY/K0i8ofr1x/KvRLTOkRbYnmkiAxGoUyOoP8ACMckfX864PWW/tvUoYLFRJ5Yw0gHHPv6CutjuJYkVVlbCgAZNZ1E3YiprZnL33h/VNV1ea6ubSSxhlfhrhduB246k4HaqH/CLah/cX867aSVpX3O5ZvUnNFPmaD2jOq8WWCaxo4urRllktyWUoc7l/iH1GM/hXntXPCfi+4JcKVWQcvF/A49fYjpUWuXlpFrOI4zbwXCh0BOQG/iX8Dz+Na0pNe6y6bafKylcwvcRhI0Z5GYBVUZJzxSpZXFhJNbXcLwzIfmRh0yP5VqaLfrpmorcspO0HDAZ2//AK+n403VfED+I7wzNbpAkQ2IByxHue/9K0u+a1tDW7va2hzL/dNUzazALebAbdpTEGBHDAA4I7cHv15rs7DwJf6jp91OXSKVVzDCTkuevPoCP1rn/FV/YX0thNZxG2u/LCX0IXaokTgEDpyM1Dkm7IXOm7IqR9D9a1Yz+4VvRc1lR9SK0oz/AKAT6AirRRgg+ZezP6HA/wA/hUV9CYpA3Zhn8amshvJb+89WbyHzbdsfeXkU0rxJDTJt4KHrV6RN6Mv94YrFtnMUkcy/dPDexreHIBHQjNXF3QMw7LIJU9QxFdt4d8e6z4esFsbJLKSJCSjTxsWUE525BHGST+Ncg8flam69mwwq5F/rRSSTVmDSe50mv+NdX8TWiW98LSNEcSBreMq4I6YYk45wfwq7H8WvEenWEFsUtbpw237RKp3MOwYDHPv39K5WmugcYYZHWhwVtCeVHb/8Lb8RDP8Ao+nN/wABYf1rgdY1A6pqLXLWlrZljmSOAMA5Jzluec+2KsVDcW4mGRw46Gk4IFBLXqdba/FDxJbW0dvanTIoo1Coq25AUD8ae3xS8XH7t3Yj6W3/ANeuCWVon8uQYI6e9XY5gQMnI9aOVMaVtjp5fiX4tJR2vLRihyp+yr8p5HHHpmmyfFbxeBkXtt+FstYFQyRdSBx3FHIg5Tp7L4ya6z7dQtbC9QdVaLaT+I4/StmPXvAniramt6Y2kXbdLiM7Vz/vr0/EV5TcxmGUOvrVy3lDAD1GRnvUqPQTgr3W56DquraF4V1I23hPTIZLyADdqd0xmIJGf3YJwTgjngc9DXG65qGqa3dC61O+mvHUfLuIAX1wo4A+lRW6pGGCDAJyV9Pp7U+SMSoUbO0jnBqlFIaRnBHcAqjsD0IUnP5V6V8NLmDWtJ1HwXriMI5EMtssgIK55OM9wcMPxrrPCOoSXXg/TZvkRlRoisahV+Rio4HToK5DxXpepH4kxajp0ix3H2RbqBnOBI0YwU9yQOnoax9om2n0OaNf2k3TtZo2fCWoeJx4bt7ZL6zt4bZnt0doDLKwRivOWAHTHfgVrS3viuKJzb6rY3LMMBbiz2Y98q344IrH8K67Y6pc38dlIDHI4vUjJ5j8zl0Pur7vwINdLWLm02jujCLjscpo+k6poWsXVnpOpPBZ3EMc11cNGpcyZYYjX7q5GOxwAK2JNLuXOW1/W93qLvA/ILitGqt/eCxtmmKGQr0RSAW+me/5U1NsHTXYyLnwzpcebvVprvUNnzD7bcF1H/Aelee+YL25uLqG0ZI5pNwWKBggQcKowMYAAP1NauseJbjxVqFvpOjpKWum8tiVIKDoRj6ZJPYV61B/o/l21uzLFEFjUA9AOP6U+blaucmIrqjZJXueM+EfEdn4Zk1AXGmWt3cK4eyeWMZjlzjG7GQNpz9RW5L8UfFFwfluLO2+coRHb7sEf7x6GuG8V67c6v4lv7mWQlTK6IMDhAx2g464HrVRdYOW3QqFZQCAe478+3FbJrqapX1Z6BD8QfFUvm79XjVkfbgWqEEf481IfHvi1LOG4GrRMJGCsptU+XJx+hrirfUYLiQr5mxpUwdwxhh0/P8ApWjbXpmsJIdoJAyMHoev8wRVKzDlt0OoPxG8X2939nkubNtyb1b7N1xweh7Vl6t8TPFV5bXFgZ4I9wId4ISrhMdQc8ZyR61DeSiSG1vYyC0TgnB6BuD+pH5Uy6jSPUobp9rRzjySpHTuPz5osFl1Ha78QvFWqaVLYSSW0dt5YErWy4LoR6k9CB2xWh4+1htL8CeG/DUDFXe0jurnB7Yyo/76yfwFc5eW0drJ5EjbIpVMIbPT5uM/RSfyq3qjvresnUZdrRXrNFEpGBHGoxGPY7V/M0mgVi94Z+MmsaNDHbagi6lbIAAXbbKB/vd/xyfeu6t/jn4dliBmtb+KT+75asPzDV4++kRC2bzYmWSB9kxQ9v735EGq82hiO4jRJiFfIBcdD2FKzHZHqOtfHiIIyaJpjlz0lujgD/gI6/mK8r1rxDqPiLUDeapcvPMPu5+6o9AOwqE6XOEQgr87beuMN6Gl/s28imWMxjc4IHzDn/69KzGkkDBbiHjvyPam2sp+433l9ajKTWE2yVSM8ketOlXd++i6jnimUaEZ/I1JVW1kM+1UBZmOAoGST6Vemt5bWZobhDHKnDIeq/X0PtTTC5oeH9Oiv9Q3XWfsluvmTAcbh2X6k8fTNaet+JGuLk4CsyjaiDhIh2A+lZEN01ro8iRnEk8uCR2AH/1z+dZ9Z8vM7vYhx5nd7IuSarePyJdvsABUSeIL20fM6rcQ5542sv5VBQQDVOCfQbgnpY2p7Ky1+0EyYyR8sgHzKfQ+v0rkbi1OnXxiu4ywU8gHG4eoNdH4cbybmaBeEkG8L6Ef4j+VWfEOmfb7PfGv7+LlcfxDuP61F2nYzT5XZ7GdZ2EckAk0zUJ4cnO1zwD7471YXVL7TSE1SDfETxPGM/5/SubsL6SxnDrkqeGX1Fdfb3KzQBhiSGQfdI6jvTvYJK2+pbguYbpQ9vKsin+6eRU9cZrGnHTpRc2bMIXPBB5Q+lUf7Wv/APn8n/77NMXsr7Mk0SYwatbsDwXCn3B4r0P7LYahbLbXtsrhcksCSxPbGOhHI4615pZyrb3kMrglUcMQOpxXpGn6xugD2rJJGe4Xn8fepknbQKqd00XYtN0lYEto4wixjC8kN+J/xqKPwrbb2MF20QfnMg3KPypiatZ6lqf9n3CoxMe8MhwY2B5GRyD34qed7rQ/IluZPPsZ38pZj99H7K/Y5GcMMdMGoUpLqQnJdSrIdf8ACcbi4hNzp7DiSJtwA/3h0Hsa4DXb6PUtZubqKIxJIwIUnPbFezWepi02lzutX4bPO3Pf6Vi+M/Amk3Wn3GrWMkVnJGhkYg/uZO/boT7dSenenGavqioTV9dzze3lDIrj8a0kfGnSex/+vWBaS+XJsJ+Vv0rXEuNPuB3A/oa3T0OjoVbNcBB6LmrqAFwD0JwarWfb/dFW4x+8X61tFaEmZ5XkzSwHoDke4NaVlJvQoeq9Kh1SPy2juB0B2t9Kihk8qQOOnf3pLR2Akv12XNvKPXaalThwfen36eZZkjnaQwNRjkA+ozTtZgWcUlPHKg+opuKYDaKWkoAiuLdZkww57Gs4+bbHuyevcVrVFLEJAeOe49aloCC3uVcZRgfVT2q0siv06+lZc9r1ZchvUdqijvZYX2zAsB371N7bgaN1bCSMkDtyKy4ZDE5jbpng+laUd4sicMCD3IqjfxDiRcY74ofdAXIpjkZ+8P1q35iiMueijJ9qxYJ84Vjz2Ndh4J8OTeINQSW4icaZA26aQrgSEc+WPUk4z6DNJzSjdkzmoJyeyPUPDFi2m+EtLtZBiQQCR1PUM/zH8t2KpeOrFtR8G36ozLLaqLmMgcjb1+nyk9MflxXQFy5LHqaa8aSo8cy7opFKOvqpGD+hrz+e8rnhRqtVefzOLtfCEeg6naX2jriPygsm5sknHOf9lxx/ssFI4zXWjn/69ZmhzNFG2k3Tg3lj+7IY8yxD7kg9QVx9CCK0pJFhjLucKvWht31Pp4WcU47MZc3CWsJkkPA6D1rynxl4ylupXtbNzg8PKD09l/xq14x8VS38j21ixESnazqevsP8a4pgpQhsba6KdJ2uyJz6I9E+DDTqdXbJ+zqicH++SeR+AP6V6WC28EdQciub8BaG2g+E4YpkKXN032iVSOVzwqn8ADj1JrogSOQcH1rCpK8vQ8DFTUqt1seCeO9Pg0zxhqMFrKskZlL/ACn7hbkqfcEkVhi3YgMpBB969X8eeAvt9ql/okA8+3TE0A+9KvXeD3bk5zyfrxXlVu+G2N0PSuqm1JHrUainBNMheNo8bgRmnRTSwPuikZG9QcVpeSJUOCCO6ntVGe0eLLAEp61bi0alyHWJFheGYblYEBhwR/jzWvHq6alYtbeYFcgbQ4wVYcgg/WuUoqU2hWOp1O6GpWkSxxhp1/1qE8jb1/w/GtLzUmjf7PgrhbmEDtjkj8uPxrh0leNw6OyuOjA81fttVeKJUf70Z3IwH5qfY1Sl3Cx2Moi+1JNwYbtfLb344/McfhVQRtdWc1k//HzaH5Cf4l7H+lULW9S6tpLVJ8ICGjBPK9x+INPnv5hLFqQRRLAfLuEH8Q7/AJdfxFVcVixHFBeAOw2wXY8uTA5ilHf+X6VbjtEmjNvdRJ9ptyC2MgP6MPY+o6HNU/t1vb3nm7T9hvQBJ/sv2YfWrVzdebGDCxF3bn5GI4Yeh9j/ADoAWdrWaP8As7VEHlMcxS8Kc/Xsw6ehrA1LQrrRSZV/0iyJ4lQfd9mH8J/Q9jW017Z6vZNFNC+ejqcAo1ZcWs32in7PO7S27DCvjJx6c9R7Gk7CV0dh8K9Ggb7Xq7KrShhDDkZ28ZJHvyB+dcVcPL9tuPtG7zhK4kDdd2ef1rq/CfiSDSZZTDGrWk5DSRx8bW7MF7HtjgVZ8X6p4cd2upNIup7wjmRT5Sn3Yg8/ln3rLVSba0Yk2pNtbnGby4AzwOg9KSmGUSOZEVVVjkKnQU8EGtDYKKKKBEc8U8oCWiSPKecRgk4HJPHaprHW7zTZ1t9SVynq4+Zff3rqPCVuo0fWLrA8zEcAPoD8x/PA/KqOu6cNQ087APOi+ZD6+orFz96xjKabs0cvr9mLTU2KAeXKBIuPf/69SaFqHky/ZpD+7kPyk/wtVzXYfM0PT7jHzIiqT9V/+tXOAkHI6ir3LWq1O3liWaNo5BlGGCKx/wDhGl/5+D/3zUumaylwoiuWCSjox6N/9etap1M9Y6FXXdDW7RprVAs6jlQMbx/jXJLJLDuVXdM8MASM10s3i6LjybVj6l2x/Ks/V5rC/H2q1fy5yP3kbLjd7jtn+dUVC60aJfDup2Wnu32hHWR+PN6gD6dv1rudWu4dU+H98qSo4ULKjqc4ZWGfxIzXlFTw3c9ukiRSsiSLtcA8MPepcdbjcLu56poFybq2RM7lkjDDPfP+NaXibwFbazZf6FI1rcqM7Qx8pyPVex9xXHeDfEEUKRQE7ZoxgA9SPUe49K7Z9RNwmGutynnBbFZO6ehzu8ZaHmul+FJby7v9IuEMOpxR+bbZPD7eq/Qg5B9R9ayt7i2lVwVcAq4xjBFeh+JWxY/2haThL+yPmRyBhnHRh78c49q4PUNRj1a6a68sRXE6sJkUYUsF4Ye59K1i2zeE29QsvuA/7Iq7F/rFqjY/6sf7oq/CP3n4V1x2LJJ4RNA8Z6EVhAtbv5MpyOxroqydUtd2SB16fWiS6oEPikZ4GjJ4A6U6E5hHtxWbZXJRwj9Qcc/yq5ZPnzUz91zikmnYDQi5jHscU8io7c9R+NTVYDCKZUhFIRSAjopaSgCOSPeMj7386ozWwkHT8PStKopUAy3bv7VLVwMMwSIw25OeARXcRfCvxMX2TCyRO7POMfpz+lZelTaLbGG8vYb+5nS53NBGdiNHt4YN1DBucd8dq7C5+MELEmDQ5nwMZlucH9F61hK6+ExrSqq3s1cg0/4OxRSK+q6sHQHJitU5P/Aj0/I16BZWltp9lFZ2MCwW0IwiDnHqT6k9cmvOH+Mkp4XQ7cH3mb/Cu2hl8RXtqjs2naaXUMVSJppFz0BLEKCPoa5anN9p2Ryyw+Kr6O1jaoyKwtPtvEltbeXdazaTSE5aRrQufw+YAAewFM1a91DSbJ7q819o0XgLDYxAsfQZzyaziot2TuR/ZVZbtGte6bY6kEF9bJMYz+7flXT/AHWHI/A1zeq+DbqW4AstVvzp9wdk8LSCR4jjAZS33h0BXIOO5rlJPG3iN3YrrEyoTwDDFkD/AL561DL4t8QTRPHLrEzxuCrL5cYyD/wGuqNGa6mtLD16WikrHUw/CrT43/0jVb6RR2SNI/8AGt3SvB+g6NKs1rYLJOv3ZbhjIwPqM8A/QCvOLTxZ4hsYRFBq8zRr0E0aSkfiwzirI8eeJU5F/C/s1rH/AEqnTqvS4p0cRLTm0PV5ZVRHlldURRlnc4A+ppSChIPUcGvF9Z8Xa3rcEdve3arHG4cLDEEyw6E+uD2q9J8UfEQPzjTyf7xtuv61k8NKxk8DO26ues89a4XxB8K7LU53udJuFsJmOTEy5iJ9scr9OR6YrA/4WvrsWC1ppsgHUCJgf0apY/jLecedo9m3+47r/U0o05weg6eHxFJ+60Uz8N/E9s+Etbe4A/iiuU5/PBrP1PRdQ0i6S21W1+zTSJvQbgwcZx1HGfb3rqovjLanHn6LKp7mO5B/QrU93498JeJLVYNYsL1VBPluUDGMkYJBVgfTjvit4znfVHTGde/vx08jzG8sDHl4xx3A/pWfW/FcIzNEX37TgNjG70OD69arXmm7syRfe7itHG+qOoyaKUgqSCMEdjUyQ+cpMZ+cdVP9KiwyCrVvqE9uSQ+5WGGV+QarMhQ4YEH0NJRsBp2V/EYZLW5ysD5KnrsP+FaFld+ZHjerzQDacHPmJ7e9c5R0oTsFjo7+OSIjUbI5wPnAHDL61ZtJ7TVrYrLIisesTDJ+ormUup40KLM4Q9VB4qIEqQQSCOhFO4rG3daPNZTCXT5mcL0I+Vh/iKbba5ciYrdAO5PLMMGqa6xeJGU83OejEZIqq0jSMWkYsx7k80rhbudHHdafIf31ttLHJ25X+X+FQSvAZM2okWP/AG2BP6Cs2CUuNrfeA6+tW0Ofr396d7lJWJw4P1oqKnh/WmM6nwjMBZ3kGeJnwR6EAY/QmrBBBKnqDg1ztrcXOgslzc28os7wCSOTHccZH5VvLf295H9oiljKkfMc4x9fSuaaalc5Zxd2zJ8SbI9EdSAMsoUDtz/hmuKroPE+pR3ckUNu4eJBuZlOQWP+A/nXP1qtUa01ZamlpdpFfiSCQlXHzKw/z06Vd/4Rs/8AP2f++P8A69Z+iyeXqcXo2V/OuspMUm0zhKMUVqaTrC2DBLmzt7y2J5jljGR9G6g1RoZdFelaf4Y8MeJbXzrVprQscFo2yEb0ZT/TFc74k8B6p4eV5igurIc/aIRkAf7Q6r/L3qVJN2IU03Y5lHKOGUkMDkEGur0vXUmjQTzpHIOGDnAPvXJVe0oO955cbQqXUgvKAQvfPPfim0nuOUU1qdLrOtWn9nzQwyrLJIpXCcgepJqfwfp9jBYtdXsAllmyE3LuATofxPPNUSdE022aD7R9oklT95IiksM9s9B+FUNK8Qf2dugffLbAnYRwy/8A1j6VLjpZGfK7NI72KHQMBZNLgAxjIUof0NWI/D3h265ga5tmIx8sm8D8DzXNWmu2N58qT7JSwCxyLgt+PT2x71oiQg5BKsD24xSvNbMzfMupPf8Agm7ijM2mTJfRryUX5XH4Hg/pXK3KCTzIGDJNGfmjcFWX6g12tjq8tu43sR2Djt9fUVrX1ppfiaBY9UhUSgYiuYztZfo39DkVccQ1pLUqNRrc8UvIiriQcc4P1p1hMRO2e/JrpPFHhK/8PM0k2bmwc4W5Qfd9Nw7H36GuUj/dXA5BwcZFaKSbTRummro6GJwHHoeKs1RiOYx7cVcjfegPccGugBTTcU+kxQAzFNxUmKMUmBHikIHepcUmKkCrJGUPt2qCSLPI6/zrQdQ4IP8A+qtnwr4WOtzyT3bNHYQHEjA4Mh67QewA5J9/Ws6lRU4uUti4xcnZFXwV4TfWtWjvZoithbPl2I/1jjoo9ecZ/wAa9fPUn1qO2iht7aOK2jWKFFARFGAB9Klrxqtd1ZX2R6FOkoIZXkvxA1ttR8Qm3hf9xY/IuD1f+I/0/Ct3xn8Q/wCzZJdP0cK1wBte4P3UPovqR69B715hDctI5ErFmYk5J6muzC0mnzS+RzV6i+FGtFMHAz19amrNjfYeeh61cik6KfwNeijlJqKQjIIyRkYyOCKpfa3tZBHdDKn7sgHX/wCvQ3bcC28Yf6+tQSR44YZFWEdZACpBB6EUpAPB6UwM6SIpyOV/lVSW2DZZeG9K1niI5HI9KrSRZ5Xr6VLSYGQQQSCMEetS28vltg/dNWZYQ/BGGHeqUkbRnDD8azacWM1I3GQHAOOhParkcn8LdOxrJgl8xNp+8P1q3FJj5W6dj6VpFp6iJbuwScEr8sg6H1rIaOS1lGQVcHg1vRydFP4Gi4t47hNsg+h9KTjfVAZ8Tx30ZV1AcDtVK4tmgPPKnoRUs1rLZSb1JKg8MKuxstzHhgORkj1qbX0e4zHoqxdWptzkcoehqvUNNAFFFFIAooooAkicI4znHqO1aQzhXUhlPQjof/r+1TeFY7a51Q2l6gaK5QoPUN1BB7Hj9a3R4G1COZhpc9vcRt1hmbYW/Pgn3BzS50nZkuaTszBBBGa3vCfhuTxDqA3BlsYiDPIOM/7I9z+g5rSsPhpqU0yNdSR2kB++pYSOPYY4P1OPpXf28Nl4c0uO3gXZFGPlXOWc+p9SfWpnUSWhE6qSstzF8Z21tLZwWjxr5YXaEAxgdsemMV5bf+GLqCRzaDzoeo+YBvxHf8K7zU759RvWlbp0UDsKoyOowCyg+5waiDd7GUJNHmjAgkEYI7UldF4n0xISLyIhRK2HX1PqK52tjpTurk1o+y8hb0cH9a7fArhYv9an+8K7rNJkzOCoooplmlomsz6LfrPCSVPEkeeHXuP/AK9esWWutCkVxDJ5tjcrkBhkD1BFeK113g/VwIJ9LnOVb95Dns3cfiOfwNRNXRlUhdXRpeNvCFsto+s6KgSIHNzbDny8/wAS/wCz7ds+lcTYWbX1z5SsF4ySRnAr1CzulEMtvcMPKeNlJPOARyPoa4fQ7RoEluZPlRhhSePl7n6Uot21CE3bUtW+jWluBmMSt3Z/8KfLaWCA+bFAmfXC1lahrjSSGK1YpGOrjq309BVNb2BDk2ayserSyMSfyxVWY7N6sdqsdrFeKLI5XaCcHIB9v0r0e2vRc6BBbXkOb2JV2TAYJHcE+1efxahpb8XWl4/2oZip/I1tWFsZ4/M8Pam0si8myuuGP07H8MUMU1dI2b2yu7d8KzQSjkLIuVb/AD6iq1t4jewuBDfRm2Y9ycxP9D2rT0Hxok8X9m6paB2jODFJwy+uM+npwRS67o9nc24aFvNs5j8pP34m9D6H+dZ7PUy2dpI6DTNYiuLYxyBZrd1w0bYbAP8AMGuE8eeCV0jGq6UN2nSn5kHPkk/+yn9OlYttqV/4V1Ew7vMiU52n7rL6j0zXqOhapZ61phRsSWV2pR0b+Engg+h/+saesHdbFWdN3Wx5PaTZCnPDDn2NXon2Pz0PBqrqWlS6Hrl7pz5YQMSrH+72b8QRUsT70HqODXbCV1c3vfVF+jFNhfemD1HBqTFWA3FGKfinAVLGRbKNlS4xyenXntXTaB4Km1FI7rUGa3tWG5Yx/rJB/wCyg/n9OtYVa0aSvJlwpubsjA0nSLnWr9bW2GO8kpGVjX1Pv6Dv+teo2GnRWdnDbQoUt4RhEPJY/wB5vcnnH/6hPaWFtp0AhtIVhjHO1R1+vqfrU9ePiMS6z00SPQpUVBeYVieJ9WGm6NczKfujYO25z0QfzPsMVtHdtO3G7HGa8x8fambjVU06Fv3FkMED+KQ8kn3AOPxNLDU/aTS6DrT5YtnDzAzb/MJLsclj61myI0bkHqO/rW1LHv5H3v51UmiEgIPBHQ+le249jyyOGXzUwfvDr71bifI2nqOlZOWif0YGrsUgYB1//VTg76Aaccv8LfgaWaFJ4yjjIPT1FVkcOAR+PtU8cmPlbp2PpV7iMpvP06bAOVPT0NX7a/juMA/K/oamuIhLGQwBHpWPc2jQkumSnr6VDvHbYDdHPIpjxA8jg/zrGg1CWJhuJZe4Na1vdR3AypGe49KpSTAikjB4Yc1BJb5BBG5f1rRdA45qFkKfTsadrgY8sJiO9CcA/lUsMwk4PDenrV141f6+tZ1zbNC+5enXjtUNNaoZfik/hb8DVuKTPynr296x4bgN8r8H1rpdI0xiEnulG0cqhHX6+3tT5la5LaS1LFhoF3qyF1RY7YHDTzHag/HufYZq9D4Z0KwcmWa7vnPVYiIowfbPzfyq3LNJNjzHZtowoPRfoOw+lMJABJIAHUk4xXLKq29NDF1G9izFD4eAKzaAroe5nZj+tSf8I/4Kvxtazms3P8QkYAfqRWO2qWKfevIRz2cH+VXLCfT71/m1CNV/2F3t+lTeT11Ju1rqQ6t8KMwmfQb9bhccRzEZP0YcZ+uPrXn19ZXGn3T215C8MyHDI4wRXuuixaRbuDZ3zPKeqvJtz/wGpPEvhex8TWZjukCXCriK4A+ZP8R7U1Np2ZUarTsz5+oq5qmmz6RqE1ldptlibaff3HtVOtToTuWI/Mi2XEJIKEHI6qRXp2hazHrVgsqkCZRiVAfun1+h615dBMYZMjoeo9avIsscqXGnyNHITxsOCT/ntSnTU1puROCkj1z7dcRIQLlwg/2ulZV9ftNnDM/qx5JqhHJP9njS6naSQKNzHuaqrd+dqzwIf3cEeXI7se34CudQa3OZRI7qxvr/ACGu/ssR6RxDJ/Fv8OKxr/ws8cbSW85mZRkqwwT9K6neKguZhDBLM3CopY1rC99S4ya2PPmuZWgELSMYlO4KTwDUVBOSTRWh0kkAzPGPVhXdYrggxBBHBFan/CQXX+zSaJabMqiiimUFTWk7Wt3FMpwUYGoaKAO8EjbWAOVYYIPeub1rUjM5toTiNfvEfxH/AAFXL3UDbaTDtP72WMAH0GOTXN0kiIx6hRRRTLCnI7RuHRirA5BB5FNooA3xfnXQi3DBNTjH7q4HHm46K3v6Gul8NauLyNorkAOPkmQ8fRq89UlWBBIIPUVvWN75ep2l5nAuf3cwH94cE/jwfxNTJXRnOKaNvxPpgns5MD97b5Kn1HcflzWL4Q1xtJ1MRTMfstwQsgJ4U9m/D+VdfcP52C3VhtPv2rzOZPLndP7rEfrSirqzJp6ppnpXi23R9c0e/kXckxNncf7QPA/NWP5Vx8kbaffz2sxy8DmNj646H8RzXVWVx/b3hG3Zubi1ljY+pKsBn/vkmsHxvH9l8USToOJUUsB69P6CqpSadhwdnZjY32EHt396uDBGfWsu2lEiAZzxwfWr9vJxsPbkV1p3NCwBTsU0U8VLGa/hXS11bxBBE67oYj5soIyCB0U/U4/AGvUbiQR27zAB1XlsHsOv4jnj2rlfBawX+hiztrpre7hnaWeNDjzgfu57lcYHBHIrYtZoba/m0m53pJcg3CJIS27nDAN/EpOD64JBrwcXKU6jT6dDtovlWhoSJio6fJLiZYGJeZl3HaMAD1Ppnp74qNHWQBkIZT0I5zXKr2OxO5na9qy6LppuSAWztVT/ABNg4H54/CvHrnfJM8sjF3kYszHuT/jXdfEO6Dz2NmCPkVpm9s/KP0BriyAc5r2sDTUYc3Vnn4mbcrdEUjUMse/kfe/nViWPYfY9KjruOYy7qHcNwHzDqKghlMTf7J6itWWPfyOv86zbmHad6j5T1HpWbTWqAuxSAMCDlTVisq2lwdjdD09q0YXz8p7dKuLuhFmOTHyt09fSoyMEj/JpKKoCjdWYOXiGD3UVSVmjbKkqw9K26p3VoGy6cN3rOUOqAfaaoeEmx7NWiHWQdQQexrmyCpwRgipYrmSH7rZHoelJTtoxm48RHK8j0qF0Dgg1DBqQbAPB9DzVvzEkGe/qK0TTEQ6bpYe7MsgBij7Huf8ADvXURTA7Il5fG5v9kf8A16zQy2VjvbkKMkD+Int9e1WtPAt7V5LhgJGO+VvT2+gHFc7d27GU3cn1LU4tNtTLJ8zHhEzjcf8ACuQudVl1Gbdeyt5eeEjHA+g6fic1FquoNqV40uT5a8RqewqialRSLhBJamrFqVhAMJpqyH+9LJuP8sVPHrdr5isukwhwcqUbBH5CsuztJL24EUf1JPQCu203TLfT4V8tAZCPmkIyT/gKoJNILO/ku8brK4iHXc4GP6Vt2Ot31hgQzM0Y/wCWcnzD/wCt+FUabSaT3Od2Y/xXHa+JxDMYjbXaja7D5gRWIvgEyxh4dRUgjo0RBH5GrGoXVzZwNKmH2fMQw4Zf8e9O07xEZkP2eRQerRsOf8/SpldL3TRcyWjMy58B6hEN0U0Eo9ASD/KnaNod3ZXu+6VRGgyMNnLdv8a6ga8MDdAd3fDVXuNVEwOLdVbsxOalSmt0Lnm1ZkEt0IUkaQbdiluec4rK8MSefbXUrnMry5Y+vH/66TWpm+wOOrysEAHfP/6qw9Kvxp08glDbGGGA6gj/ACa0TKjG6Z3GQOTwPeue8T6kBCtpGfv/ADOR6dv8+1QXHiOMLi3iZj6ueKwpp3uJmlkOWY5Jo1HCFndkdFFFM1CiiigAooooAKKKs6fbm6v4IR/G4B+nf9KAHalIWuAnaJFQfgOf1zVSp73P22fPUSN/OoKAWwUUUUAFFFFABViCZtiRDtKHB/T/AAqvVzS4RPqMKMQAGzyfTmgHsegc5GfWvObo77uZh0LsR+ddq10baOWVidoUk5/SuFJJ5NJO5lTVrnZeBboQw3KPkoGBKjvkf4gU3xQv2q6Dt1ZckenP9KreDztS7OP7v9avaqPNnyOqrinTi3O/QSXvs5e1laCYxMehyp/z61sRyZUMv1+lZ1/a5HmIOR6U+wudycnno1brR2Zsb0bhwCPx9qkFUoZNhwehq2DVNASo7I4dWZXU5DKSCPoRV221e7t7wXMk0tw4TyyJZWPy5zwT0wQD9RyCOKzwaXNZSpxluhqTWx2OmeNVQ3bX+9ZJWRoyFLqo6Hp35JxwO3FNHiy0jsIUS4HmRzBmUxuN2HJbH+yQcj6YPNceTTCa53gabd1obKvJKxa1qaO51i6mgmaaKR9yMQRhT/Dz6dKzjUhphrqhHlSS6GLldtkbgEEHpVRxsYj0q1I+we56VVOSeetWSMqvNGOTj5W4NWaaUBBB70NAYk0flyEduoq3bTFh1+df1ouoSUPHzL+tU45DG4YflWPwsZsJKDw3BqWqMcgkGVP1HpUqSMnuPStUxFmimI6t06+hp9MCtcWokGcfl2rNliaI4bp2I71t1FLCsgPA56j1qJQT2AxanhuXjZQTlc96We1aIkqCR6elFlaSXtysSDqeT6CstUM6O6lSTU7eBmAjjUzNn26f41kapq73bmOIlYB6cFvr/hSa7mPUiATjy1APqMYrMqUiUluFFFFMo6Pw7CFs5JcfM7Yz7D/9ddFDIHQA/eUfnWB4fkDaeV7o5z+NaoJBBBwRU3szGauzQoqql0f4lz7jinG6HZT+Jp3RnysS8QSRhT0bKn8a4Il7aclWKujEAj1FdtNcYRpJGwijJ9q4eV/Mmd/7zE0I2prQ6rS78X9vk4EqffA7+9Xa5HTLo2t/G+flJ2t9DXXOQgJYgAdSTik1YUlZmZrDhZLEHp5wJ/DFVNc05Iy10jqm48oTjJ9qNbvrWeNI4nLyI2dy/d/z9KyZ7mW5cNNIzkDAJ7U0iop6ENFFFMsKKKAcEGgDTutHkgsI7hWz8oLqeq5rMxXYxOt/p4J6Spgj0PT+dcx9in/ufpSuSpFWiiimUFdF4Ugi8+Sd5EEijailhnnv/SudooE1dWNLXrc2+rzjGA53j8f/AK+azakkuJZgoldn2DC7jnFR0DWiCiiigAooooAKcrFWDKSCDkEU2igDXvNZN1pyQ4Ilb/WHscdKyKKUDOAOST0oC1jrfCkRXT5ZD/HJgfgP/r1KZVuJi4YbWbGT2ptzJ/YvhxIwQJSu0f7x5P5c11PhHwTDd6Tb6hqckoeddywRnaAvYk9cnrjjrVRmoasyuleTF0nwroV/hZLqaVm7xyAKfwxkVn/EHTdG8OabZW2n2MUd1JIXaTJL7B6k+pI/KtPWvCVtYuXt7p7cdVJfcR/WuM1a1lkci6lMzuOHJJJx9aSXO7qRMXd3uVbaUSIOc8ZB9a0IZN4weo/WudtpGtpjC5wQflJ6f5Na0U2cEcMOoreLutTY0gaM1EkgYAjH0p2aqwD8ikJpuaM0WAQ0xyACT0FSVUmkycDoP1oAjkcuSfy9qZTqSiwCU2n0lAEM0eV3DqOtZNxF5b5H3T09q3Kp3VuCCvY8g+lRJXQGWkjRtlTV6KVZRxw3cVQZSpKnqKQEg5HBrJNoZs21tLdTCOEZbuTxiuhttEiRB57tI3cjgV13w/8ADtmnhq3vbmFZ7m6y5LjOBnAGPoM/jW1e+F7K5yYN1u/+xyv5H+mKznWd7I551HeyPPBocUpCQozOeigE5/Kq82htG5X5gQcFeuK9BewvNH0aSK1j825mkIaWEElU/wA/zrzvVvEMdgWgtwJZ84bP3V+vr9KmNSbejCMpN2REdKjPDlzj2xViG2itkKwxhATzgda5S71S8vGJnncjsoOAPwFV1uJUOVlcH1DGrd3uzXlb3Zp+IiPtsYxyI+T+JrIqa4uZblg0zl2A2gn0qGmikrKwUUUUDLFley2Mu+I8HhlPRhXR2us2tyoDOIn9HOB+dcpRSauJpM7oEEZBBHqDmoLm+t7QEyyKD2UHJrjgzDoxH0NNosTyGhqOrSX3yAbIQeFHf61n0UUy0rBUktxLNzJI7/7zZqOigAooooAKKKKACiiigDpfD0pawdD/AAPx+P8Ak1q+XH/dFYvhr/Uz/wC8K26hmM9zhnQxuUYYZTgj3ptFFWbBRRRQBp6fax/ZpL65cCGMlAmMmRyvA9h7n9al07w5d6ppdxe221hA2GQnBIxnIooqWyG2jHIIJB7UUUVRYUUUUAFFFFABSjPUdqKKALs2pyXjWwvCXSHAIHVhnn8ccV2X/CwPsNn9mtriZozyFVcbfbJ6D6UUUmrkSinuZ6+JGunDCIKH43MxY5pLwyTYdjkqMY6YoorppwikCilsZGoWvmp5i8Ov61Da3LSDkneveiik/iLNCKbfweG9u9TCRx3P480UVaEO89/b8qXzn9vwFFFMCMux6k/nTeaKKADFJiiigAwaMUUUANZ1TqahklVwQATn14ooqWBQvYsjzB1HX3qlRRWMtxnpXhnxTcWfh5LeA4BAUMRnyyODj68V0h8ZRJbJFYQMzqMFpj39eOpPWiisbJs5pJXZm634l1CLQDJDfH7bcyeRHFHEF2Z6tuPfA7etcbZeFQrb7+Qux52Icfmf8KKKpKw07LQvzaZaRIqx2kQU+q5P61haxpEcMJuLcbVX7y5/UUUUuo4N3MOiiiqNwooooAKKKKACiiigAooooAKKKKACiiigAooooAKKKKAOk8OqRZSN/ekx+QrZ8onnb196KKhmUtz/2Q==\"></p>','Đang hoạt động',NULL);
/*!40000 ALTER TABLE `ID_BAI_VIET` ENABLE KEYS */;
UNLOCK TABLES;

--
-- Table structure for table `KICH_CO`
--

DROP TABLE IF EXISTS `KICH_CO`;
/*!40101 SET @saved_cs_client     = @@character_set_client */;
/*!50503 SET character_set_client = utf8mb4 */;
CREATE TABLE `KICH_CO` (
  `ID_KICH_CO` int(11) NOT NULL AUTO_INCREMENT,
  `KICH_CO` varchar(255) DEFAULT NULL,
  `TRANG_THAI_KICH_CO` varchar(255) DEFAULT NULL,
  `CREATED_KICH_CO` datetime DEFAULT NULL,
  `UPDATE_KICH_CO` datetime DEFAULT NULL,
  PRIMARY KEY (`ID_KICH_CO`)
) ENGINE=InnoDB AUTO_INCREMENT=15 DEFAULT CHARSET=latin1;
/*!40101 SET character_set_client = @saved_cs_client */;

--
-- Dumping data for table `KICH_CO`
--

LOCK TABLES `KICH_CO` WRITE;
/*!40000 ALTER TABLE `KICH_CO` DISABLE KEYS */;
INSERT INTO `KICH_CO` VALUES (1,'40','1','2024-11-07 22:01:33','2024-12-10 22:02:55'),(2,'41','1','2024-12-10 22:02:50','2024-12-10 22:02:50'),(3,'42','1','2024-12-10 22:03:07','2024-12-10 22:03:07'),(4,'43','1','2024-12-10 22:03:10','2024-12-10 22:03:10'),(5,'44','1','2024-12-10 22:03:12','2024-12-10 22:03:12'),(6,'45','1','2024-12-10 22:03:15','2024-12-10 22:03:15'),(7,'46','1','2024-12-10 22:03:17','2024-12-10 22:03:17'),(8,'47','1','2024-12-10 22:03:20','2024-12-10 22:03:20'),(9,'48','1','2024-12-10 22:03:24','2024-12-10 22:03:24'),(10,'49','1','2024-12-10 22:03:28','2024-12-10 22:03:28'),(11,'50','1','2024-12-10 22:03:34','2024-12-10 22:03:34'),(12,'39','1','2024-12-10 22:03:37','2024-12-10 22:03:37'),(13,'38','1','2024-12-10 22:03:40','2024-12-10 22:03:40'),(14,'37','1','2024-12-10 22:03:46','2024-12-10 22:03:46');
/*!40000 ALTER TABLE `KICH_CO` ENABLE KEYS */;
UNLOCK TABLES;

--
-- Table structure for table `LOAI_DANH_MUC`
--

DROP TABLE IF EXISTS `LOAI_DANH_MUC`;
/*!40101 SET @saved_cs_client     = @@character_set_client */;
/*!50503 SET character_set_client = utf8mb4 */;
CREATE TABLE `LOAI_DANH_MUC` (
  `ID_DANH_MUC` int(11) NOT NULL AUTO_INCREMENT,
  `TEN_DANH_MUC` varchar(255) CHARACTER SET utf8mb4 COLLATE utf8mb4_unicode_ci DEFAULT NULL,
  `MO_TA_LOAI_DANH_MUC` varchar(500) CHARACTER SET utf8mb4 COLLATE utf8mb4_unicode_ci DEFAULT NULL,
  `TRANG_THAI_DANHMUC` int(11) DEFAULT NULL,
  `CREATED_DANH_MUC` datetime DEFAULT NULL,
  `UPDATE_DANH_MUC` datetime DEFAULT NULL,
  PRIMARY KEY (`ID_DANH_MUC`)
) ENGINE=InnoDB AUTO_INCREMENT=6 DEFAULT CHARSET=latin1;
/*!40101 SET character_set_client = @saved_cs_client */;

--
-- Dumping data for table `LOAI_DANH_MUC`
--

LOCK TABLES `LOAI_DANH_MUC` WRITE;
/*!40000 ALTER TABLE `LOAI_DANH_MUC` DISABLE KEYS */;
INSERT INTO `LOAI_DANH_MUC` VALUES (1,'Giày thể thao','Giày thể thao là loại giày được thiết kế cho các hoạt động thể thao, với đặc điểm nhẹ, thoải mái và có đế chống trơn. Chúng giúp bảo vệ và hỗ trợ cơ thể khi vận động.',1,'2024-11-07 23:17:05','2024-11-07 23:17:05'),(5,'Giày thời trang','Giày thời trang là loại giày chủ yếu được thiết kế để làm đẹp, thể hiện phong cách và xu hướng thời trang, thay vì chỉ phục vụ cho mục đích thể thao hay công việc. Chúng có thể có nhiều kiểu dáng, chất liệu và màu sắc khác nhau, phù hợp với các dịp, hoàn cảnh khác nhau.',1,'2024-11-07 23:28:19','2024-11-07 23:28:19');
/*!40000 ALTER TABLE `LOAI_DANH_MUC` ENABLE KEYS */;
UNLOCK TABLES;

--
-- Table structure for table `MAU_SAC`
--

DROP TABLE IF EXISTS `MAU_SAC`;
/*!40101 SET @saved_cs_client     = @@character_set_client */;
/*!50503 SET character_set_client = utf8mb4 */;
CREATE TABLE `MAU_SAC` (
  `MAU_SAC_ID` int(11) NOT NULL AUTO_INCREMENT,
  `TEN_MAU_SAC` varchar(500) CHARACTER SET utf8mb4 COLLATE utf8mb4_unicode_ci DEFAULT NULL,
  `CREATE_MAU_SAC` datetime DEFAULT NULL,
  `UPDATE_MAU_SAC` datetime DEFAULT NULL,
  `TRANG_THAI_MAU_SAC` int(11) DEFAULT NULL,
  PRIMARY KEY (`MAU_SAC_ID`)
) ENGINE=InnoDB AUTO_INCREMENT=10 DEFAULT CHARSET=latin1;
/*!40101 SET character_set_client = @saved_cs_client */;

--
-- Dumping data for table `MAU_SAC`
--

LOCK TABLES `MAU_SAC` WRITE;
/*!40000 ALTER TABLE `MAU_SAC` DISABLE KEYS */;
INSERT INTO `MAU_SAC` VALUES (2,'Xanh','2024-11-08 07:50:33','2024-11-08 07:50:33',1),(3,'Đỏ','2024-11-08 07:51:34','2024-11-08 07:51:34',1),(4,'Tím ','2024-11-08 07:51:41','2024-11-08 07:51:41',1),(5,'Vàng','2024-11-08 07:51:44','2024-11-08 07:51:44',0),(7,'Đen','2024-11-08 07:52:00','2024-11-08 07:52:00',0),(8,'Tổng hợp','2024-11-08 07:52:05','2024-11-08 07:52:05',1),(9,'Trắng','2024-11-08 07:52:19','2024-11-08 07:52:19',1);
/*!40000 ALTER TABLE `MAU_SAC` ENABLE KEYS */;
UNLOCK TABLES;

--
-- Table structure for table `MAU_SAC_SAN_PHAM`
--

DROP TABLE IF EXISTS `MAU_SAC_SAN_PHAM`;
/*!40101 SET @saved_cs_client     = @@character_set_client */;
/*!50503 SET character_set_client = utf8mb4 */;
CREATE TABLE `MAU_SAC_SAN_PHAM` (
  `ID_SAN_PHAM` int(11) NOT NULL,
  `MAU_SAC_ID` int(11) NOT NULL,
  PRIMARY KEY (`ID_SAN_PHAM`,`MAU_SAC_ID`),
  KEY `FK_MAU_SAC__MAU_SAC_S_MAU_SAC` (`MAU_SAC_ID`),
  CONSTRAINT `FK_MAU_SAC__MAU_SAC_S_MAU_SAC` FOREIGN KEY (`MAU_SAC_ID`) REFERENCES `MAU_SAC` (`MAU_SAC_ID`),
  CONSTRAINT `FK_MAU_SAC__MAU_SAC_S_SAN_PHAM` FOREIGN KEY (`ID_SAN_PHAM`) REFERENCES `SAN_PHAM` (`ID_SAN_PHAM`)
) ENGINE=InnoDB DEFAULT CHARSET=latin1;
/*!40101 SET character_set_client = @saved_cs_client */;

--
-- Dumping data for table `MAU_SAC_SAN_PHAM`
--

LOCK TABLES `MAU_SAC_SAN_PHAM` WRITE;
/*!40000 ALTER TABLE `MAU_SAC_SAN_PHAM` DISABLE KEYS */;
INSERT INTO `MAU_SAC_SAN_PHAM` VALUES (4,3),(38,3),(39,3),(36,4);
/*!40000 ALTER TABLE `MAU_SAC_SAN_PHAM` ENABLE KEYS */;
UNLOCK TABLES;

--
-- Table structure for table `MUC_DICH_SU_DUNG`
--

DROP TABLE IF EXISTS `MUC_DICH_SU_DUNG`;
/*!40101 SET @saved_cs_client     = @@character_set_client */;
/*!50503 SET character_set_client = utf8mb4 */;
CREATE TABLE `MUC_DICH_SU_DUNG` (
  `ID_MUC_DICH_SU_DUNG` int(11) NOT NULL AUTO_INCREMENT,
  `TEN_MUC_DICH_SU_DUNG` varchar(500) CHARACTER SET utf8mb4 COLLATE utf8mb4_unicode_ci DEFAULT NULL,
  `CREATE_MUC_DICH_SU_DUNG` datetime DEFAULT NULL,
  `UPDATE_MUC_DICH_SU_DUNG` datetime DEFAULT NULL,
  `TRANG_THAI_MUC_DICH_SU_DUNG` int(11) DEFAULT NULL,
  PRIMARY KEY (`ID_MUC_DICH_SU_DUNG`)
) ENGINE=InnoDB AUTO_INCREMENT=11 DEFAULT CHARSET=latin1;
/*!40101 SET character_set_client = @saved_cs_client */;

--
-- Dumping data for table `MUC_DICH_SU_DUNG`
--

LOCK TABLES `MUC_DICH_SU_DUNG` WRITE;
/*!40000 ALTER TABLE `MUC_DICH_SU_DUNG` DISABLE KEYS */;
INSERT INTO `MUC_DICH_SU_DUNG` VALUES (8,'Chạy bộ','2024-11-08 08:01:59','2024-11-08 08:01:59',1),(9,'Thời trang hàng ngày','2024-11-08 08:02:09','2024-11-08 08:02:09',1),(10,'Thể thao và tập luyện','2024-11-08 08:02:14','2024-11-08 08:02:14',1);
/*!40000 ALTER TABLE `MUC_DICH_SU_DUNG` ENABLE KEYS */;
UNLOCK TABLES;

--
-- Table structure for table `MUC_DICH_SU_DUNG_SAN_PHAM`
--

DROP TABLE IF EXISTS `MUC_DICH_SU_DUNG_SAN_PHAM`;
/*!40101 SET @saved_cs_client     = @@character_set_client */;
/*!50503 SET character_set_client = utf8mb4 */;
CREATE TABLE `MUC_DICH_SU_DUNG_SAN_PHAM` (
  `ID_SAN_PHAM` int(11) NOT NULL,
  `ID_MUC_DICH_SU_DUNG` int(11) NOT NULL,
  PRIMARY KEY (`ID_SAN_PHAM`,`ID_MUC_DICH_SU_DUNG`),
  KEY `FK_MUC_DICH_MUC_DICH__MUC_DICH` (`ID_MUC_DICH_SU_DUNG`),
  CONSTRAINT `FK_MUC_DICH_MUC_DICH__MUC_DICH` FOREIGN KEY (`ID_MUC_DICH_SU_DUNG`) REFERENCES `MUC_DICH_SU_DUNG` (`ID_MUC_DICH_SU_DUNG`),
  CONSTRAINT `FK_MUC_DICH_MUC_DICH__SAN_PHAM` FOREIGN KEY (`ID_SAN_PHAM`) REFERENCES `SAN_PHAM` (`ID_SAN_PHAM`)
) ENGINE=InnoDB DEFAULT CHARSET=latin1;
/*!40101 SET character_set_client = @saved_cs_client */;

--
-- Dumping data for table `MUC_DICH_SU_DUNG_SAN_PHAM`
--

LOCK TABLES `MUC_DICH_SU_DUNG_SAN_PHAM` WRITE;
/*!40000 ALTER TABLE `MUC_DICH_SU_DUNG_SAN_PHAM` DISABLE KEYS */;
INSERT INTO `MUC_DICH_SU_DUNG_SAN_PHAM` VALUES (4,9),(36,9),(38,10),(39,10);
/*!40000 ALTER TABLE `MUC_DICH_SU_DUNG_SAN_PHAM` ENABLE KEYS */;
UNLOCK TABLES;

--
-- Table structure for table `NGUOI_DUNG`
--

DROP TABLE IF EXISTS `NGUOI_DUNG`;
/*!40101 SET @saved_cs_client     = @@character_set_client */;
/*!50503 SET character_set_client = utf8mb4 */;
CREATE TABLE `NGUOI_DUNG` (
  `ID_NGUOI_DUNG` int(11) NOT NULL AUTO_INCREMENT,
  `MAT_KHAU` varchar(255) DEFAULT NULL,
  `EMAIL` varchar(255) DEFAULT NULL,
  `VAI_TRO` varchar(255) DEFAULT NULL,
  `HO_TEN` varchar(255) DEFAULT NULL,
  `SO_DIEN_THOAI` varchar(255) DEFAULT NULL,
  `DIA_CHI` varchar(255) DEFAULT NULL,
  `TRANG_THAI_USER` varchar(255) DEFAULT NULL,
  `NGAY_TAO_USER` datetime DEFAULT NULL,
  `NGAY_CAP_NHAT_USER` varchar(255) DEFAULT NULL,
  `AVATAR` varchar(255) DEFAULT NULL,
  `NGAY_SINH` datetime DEFAULT NULL,
  `DIA_CHI_Provinces` varchar(255) CHARACTER SET utf8mb4 COLLATE utf8mb4_unicode_ci DEFAULT NULL,
  `DIA_CHI_Districts` varchar(255) CHARACTER SET utf8mb4 COLLATE utf8mb4_unicode_ci DEFAULT NULL,
  `DIA_CHI_Wards` varchar(255) CHARACTER SET utf8mb4 COLLATE utf8mb4_unicode_ci DEFAULT NULL,
  `THEMES` varchar(255) DEFAULT NULL,
  `LANGUAGE` varchar(255) DEFAULT NULL,
  `DIA_CHI_STREETNAME` varchar(255) CHARACTER SET utf8mb4 COLLATE utf8mb4_unicode_ci DEFAULT NULL,
  PRIMARY KEY (`ID_NGUOI_DUNG`)
) ENGINE=InnoDB AUTO_INCREMENT=7 DEFAULT CHARSET=latin1;
/*!40101 SET character_set_client = @saved_cs_client */;

--
-- Dumping data for table `NGUOI_DUNG`
--

LOCK TABLES `NGUOI_DUNG` WRITE;
/*!40000 ALTER TABLE `NGUOI_DUNG` DISABLE KEYS */;
INSERT INTO `NGUOI_DUNG` VALUES (1,NULL,'hohoangphucjob12312@gmail.com','0','phúc','12312','ádasd','1','2024-11-02 07:29:46','2024-11-02 07:29:46','ádasd',NULL,'Tỉnh Bắc Ninh',NULL,NULL,NULL,NULL,NULL),(2,NULL,'hohoangphucjob123112@gmail.com','0','phúc1',NULL,NULL,'1','2024-11-02 07:33:45','2024-11-02 07:33:45',NULL,NULL,'Tỉnh Bạc Liêu',NULL,NULL,NULL,NULL,NULL),(3,'$2b$10$juxH8NK3NgiQwICzwlkpiOE5EwS2CApnpwoIleOhQCXBw2q03J2C6','hohoangphucjob@gmail.com','1','Hoàng Phúc','0327434821',NULL,'1','2024-11-02 07:41:11','2024-12-10 02:37:15','images-1733773035327.png','2003-01-27 00:00:00','Tỉnh Trà Vinh','Huyện Tiên Du','Xã Lạc Vệ','light','vi','đường 18'),(6,'$2b$10$N6sU63YZs2oGHjF3xLjnpOsFDCWou5XRbv3PX14dgIMSN88aAKt1u','phucvntv159@gmail.com','0','phuc','0327434821',NULL,'1','2024-11-21 07:40:44','2024-11-24 17:13:13','images-1732175439165.jpg',NULL,'Tỉnh Vĩnh Long','Huyện Mang Thít','Xã Chánh An','light','vi','1adadasd');
/*!40000 ALTER TABLE `NGUOI_DUNG` ENABLE KEYS */;
UNLOCK TABLES;

--
-- Table structure for table `PHONG_CACH`
--

DROP TABLE IF EXISTS `PHONG_CACH`;
/*!40101 SET @saved_cs_client     = @@character_set_client */;
/*!50503 SET character_set_client = utf8mb4 */;
CREATE TABLE `PHONG_CACH` (
  `ID_PHUONG_CACH` int(11) NOT NULL AUTO_INCREMENT,
  `TEN_PHONG_CACH` varchar(500) CHARACTER SET utf8mb4 COLLATE utf8mb4_unicode_ci DEFAULT NULL,
  `CREATED_PHONG_CACH` datetime DEFAULT NULL,
  `UPDATE_PHONG_CACH` datetime DEFAULT NULL,
  `TRANG_THAI_PHONG_CACH` int(11) DEFAULT NULL,
  PRIMARY KEY (`ID_PHUONG_CACH`)
) ENGINE=InnoDB AUTO_INCREMENT=10 DEFAULT CHARSET=latin1;
/*!40101 SET character_set_client = @saved_cs_client */;

--
-- Dumping data for table `PHONG_CACH`
--

LOCK TABLES `PHONG_CACH` WRITE;
/*!40000 ALTER TABLE `PHONG_CACH` DISABLE KEYS */;
INSERT INTO `PHONG_CACH` VALUES (6,'Cổ điển','2024-11-08 08:19:38','2024-11-08 08:19:38',1),(7,'Hiện đại','2024-11-08 08:19:43','2024-11-08 08:19:43',1),(8,'Đường phố','2024-11-08 08:19:48','2024-11-08 08:19:48',1),(9,'Sang trọng','2024-11-08 08:19:53','2024-11-08 08:19:53',1);
/*!40000 ALTER TABLE `PHONG_CACH` ENABLE KEYS */;
UNLOCK TABLES;

--
-- Table structure for table `PHONG_CACH_SAN_PHAM`
--

DROP TABLE IF EXISTS `PHONG_CACH_SAN_PHAM`;
/*!40101 SET @saved_cs_client     = @@character_set_client */;
/*!50503 SET character_set_client = utf8mb4 */;
CREATE TABLE `PHONG_CACH_SAN_PHAM` (
  `ID_SAN_PHAM` int(11) NOT NULL,
  `ID_PHUONG_CACH` int(11) NOT NULL,
  PRIMARY KEY (`ID_SAN_PHAM`,`ID_PHUONG_CACH`),
  KEY `FK_PHONG_CA_PHONG_CAC_PHUONG_C` (`ID_PHUONG_CACH`),
  CONSTRAINT `FK_PHONG_CA_PHONG_CAC_PHUONG_C` FOREIGN KEY (`ID_PHUONG_CACH`) REFERENCES `PHONG_CACH` (`ID_PHUONG_CACH`),
  CONSTRAINT `FK_PHONG_CA_PHONG_CAC_SAN_PHAM` FOREIGN KEY (`ID_SAN_PHAM`) REFERENCES `SAN_PHAM` (`ID_SAN_PHAM`)
) ENGINE=InnoDB DEFAULT CHARSET=latin1;
/*!40101 SET character_set_client = @saved_cs_client */;

--
-- Dumping data for table `PHONG_CACH_SAN_PHAM`
--

LOCK TABLES `PHONG_CACH_SAN_PHAM` WRITE;
/*!40000 ALTER TABLE `PHONG_CACH_SAN_PHAM` DISABLE KEYS */;
INSERT INTO `PHONG_CACH_SAN_PHAM` VALUES (4,6),(38,6),(36,7),(39,7);
/*!40000 ALTER TABLE `PHONG_CACH_SAN_PHAM` ENABLE KEYS */;
UNLOCK TABLES;

--
-- Table structure for table `SAN_PHAM`
--

DROP TABLE IF EXISTS `SAN_PHAM`;
/*!40101 SET @saved_cs_client     = @@character_set_client */;
/*!50503 SET character_set_client = utf8mb4 */;
CREATE TABLE `SAN_PHAM` (
  `ID_SAN_PHAM` int(11) NOT NULL AUTO_INCREMENT,
  `ID_THUONG_HIEU` int(11) NOT NULL,
  `ID_DANH_MUC` int(11) NOT NULL,
  `GIOI_TINH_ID` int(11) NOT NULL,
  `CHAT_LIEU_ID_` int(11) NOT NULL,
  `TEN_SAN_PHAM` varchar(500) CHARACTER SET utf8mb4 COLLATE utf8mb4_unicode_ci DEFAULT NULL,
  `GIA` float DEFAULT NULL,
  `MO_TA_SAN_PHAM` varchar(500) CHARACTER SET utf8mb4 COLLATE utf8mb4_unicode_ci DEFAULT NULL,
  `HINH_ANH_SANPHAM` varchar(500) CHARACTER SET utf8mb4 COLLATE utf8mb4_unicode_ci DEFAULT NULL,
  `TRANG_THAI_SANPHAM` int(11) DEFAULT NULL,
  `NGAY_TAO_SANPHAM` datetime DEFAULT NULL,
  `NGAY_CAP_NHAT_SANPHAM` varchar(255) DEFAULT NULL,
  `SO_LUONG_SANPHAM` int(11) DEFAULT NULL,
  PRIMARY KEY (`ID_SAN_PHAM`),
  KEY `FK_SAN_PHAM_BRAND_PRO_THUONG_H` (`ID_THUONG_HIEU`),
  KEY `FK_SAN_PHAM_CHAT_LIEU_CHAT_LIE` (`CHAT_LIEU_ID_`),
  KEY `FK_SAN_PHAM_CO_DANH_M_LOAI_DAN` (`ID_DANH_MUC`),
  KEY `FK_SAN_PHAM_GIOI_TINH_GIOI_TIN` (`GIOI_TINH_ID`),
  CONSTRAINT `FK_SAN_PHAM_BRAND_PRO_THUONG_H` FOREIGN KEY (`ID_THUONG_HIEU`) REFERENCES `THUONG_HIEU` (`ID_THUONG_HIEU`),
  CONSTRAINT `FK_SAN_PHAM_CHAT_LIEU_CHAT_LIE` FOREIGN KEY (`CHAT_LIEU_ID_`) REFERENCES `CHAT_LIEU` (`CHAT_LIEU_ID_`),
  CONSTRAINT `FK_SAN_PHAM_CO_DANH_M_LOAI_DAN` FOREIGN KEY (`ID_DANH_MUC`) REFERENCES `LOAI_DANH_MUC` (`ID_DANH_MUC`),
  CONSTRAINT `FK_SAN_PHAM_GIOI_TINH_GIOI_TIN` FOREIGN KEY (`GIOI_TINH_ID`) REFERENCES `GIOI_TINH` (`GIOI_TINH_ID`)
) ENGINE=InnoDB AUTO_INCREMENT=40 DEFAULT CHARSET=latin1;
/*!40101 SET character_set_client = @saved_cs_client */;

--
-- Dumping data for table `SAN_PHAM`
--

LOCK TABLES `SAN_PHAM` WRITE;
/*!40000 ALTER TABLE `SAN_PHAM` DISABLE KEYS */;
INSERT INTO `SAN_PHAM` VALUES (4,6,1,14,13,'Giày Thể Thao Classic',150000,'Giày thể thao phong cách cổ điển','profile_pic-1705383625789.jpg',1,'2023-07-01 00:00:00','2024-11-14 12:50:47',59),(5,7,5,15,14,'Giày Chạy Bộ Ultra Boost',250000,'Giày chạy bộ siêu nhẹ, hỗ trợ tốt','profile_pic-1705383560469.jpg',1,'2023-07-05 00:00:00','2023-07-15',78),(6,8,1,16,15,'Giày Lười Slip-on',120000,'Giày lười tiện dụng và thoải mái','profile_pic-1705383465739.jpg',0,'2023-07-10 00:00:00','2023-07-20',45),(7,9,5,14,16,'Giày Bốt Da',300000,'Giày bốt làm từ da cao cấp','profile_pic-1705383428310.jpg',1,'2023-07-15 00:00:00','2023-07-25',20),(8,10,1,15,13,'Giày Tây Formal',180000,'Giày tây phù hợp với trang phục công sở','profile_pic-1702013056947.jpg',1,'2023-07-20 00:00:00','2023-07-30',48),(9,11,5,16,17,'Giày Sandal Outdoor',90000,'Giày sandal cho các hoạt động ngoài trời','profile_pic-1702012314938.jpg',1,'2023-07-25 00:00:00','2023-08-05',75),(10,6,1,14,14,'Giày Sneakers Năng Động',220000,'Giày sneakers dành cho các bạn trẻ','profile_pic-1702011166495.jpg',1,'2023-08-01 00:00:00','2023-08-10',90),(11,7,5,15,15,'Giày Cao Gót Thời Trang',280000,'Giày cao gót cho các buổi tiệc','profile_pic-1702010913905.jpg',1,'2023-08-05 00:00:00','2023-08-15',36),(12,8,1,16,16,'Giày Sandal Đi Biển',80000,'Sandal thích hợp cho đi biển','profile_pic-1702010983904.jpg',0,'2023-08-10 00:00:00','2023-08-20',50),(13,9,5,14,13,'Giày Moccasin',160000,'Giày moccasin kiểu dáng cổ điển','profile_pic-1702011007811.jpg',1,'2023-08-15 00:00:00','2023-08-25',25),(14,10,1,15,14,'Giày Đá Bóng',260000,'Giày đá bóng chất lượng cao','profile_pic-1702011118624.jpg',1,'2023-08-20 00:00:00','2023-08-30',68),(15,11,5,16,15,'Giày Leo Núi',350000,'Giày leo núi bền bỉ và an toàn','profile_pic-1702011129020.jpg',1,'2023-08-25 00:00:00','2023-09-05',30),(16,6,1,14,13,'Giày Thể Thao Air Max',220000,'Giày thể thao dành cho vận động viên','profile_pic-1701962101171.jpg',1,'2023-09-01 00:00:00','2023-09-10',60),(17,7,5,15,14,'Giày Chạy Bộ Asics',230000,'Giày chạy bộ với công nghệ hỗ trợ gân chân','profile_pic-1701962194952.jpg',1,'2023-09-02 00:00:00','2023-09-12',49),(18,8,1,16,15,'Giày Converse Chuck Taylor',180000,'Giày thể thao thời trang cho giới trẻ','profile_pic-1701962064910.jpg',0,'2023-09-03 00:00:00','2023-09-13',70),(19,9,5,14,16,'Giày Nike Air Force 1',250000,'Giày thể thao huyền thoại của Nike','profile_pic-1701962018496.jpg',1,'2023-09-04 00:00:00','2023-09-14',80),(20,10,1,15,13,'Giày Adidas Superstar',210000,'Giày Adidas cổ điển cho mọi lứa tuổi','profile_pic-1701961994540.jpg',1,'2023-09-05 00:00:00','2023-09-15',55),(21,11,5,16,17,'Giày Puma RS-X',270000,'Giày thể thao Puma kiểu dáng năng động','profile_pic-1701961964536.jpg',1,'2023-09-06 00:00:00','2023-09-16',45),(22,6,1,14,13,'Giày Saucony Endorphin',240000,'Giày chạy bộ nhẹ và êm','profile_pic-1701961905082.jpg',0,'2023-09-07 00:00:00','2023-09-17',65),(23,7,5,15,14,'Giày New Balance 990',260000,'Giày chạy bộ với công nghệ đệm tốt nhất','profile_pic-1701961853003.jpg',1,'2023-09-08 00:00:00','2023-09-18',90),(24,8,1,16,15,'Giày Vans Old Skool',170000,'Giày Vans với thiết kế cổ điển','profile_pic-1701961778593.jpg',1,'2023-09-09 00:00:00','2023-09-19',50),(25,9,5,14,16,'Giày Reebok Classic',200000,'Giày thể thao cổ điển với kiểu dáng đẹp','profile_pic-1701961741997.jpg',1,'2023-09-10 00:00:00','2023-09-20',40),(26,10,1,15,13,'Giày Nike Zoom',230000,'Giày thể thao nhẹ và linh hoạt','profile_pic-1701961516007.jpg',1,'2023-09-11 00:00:00','2023-09-21',85),(27,11,5,16,17,'Giày Timberland Boot',350000,'Giày bốt da chắc chắn cho mùa đông','profile_pic-1701961442792.jpg',0,'2023-09-12 00:00:00','2023-09-22',30),(28,6,1,14,14,'Giày Adidas NMD',260000,'Giày Adidas với phong cách trẻ trung','profile_pic-1701961267065.jpg',1,'2023-09-13 00:00:00','2023-09-23',60),(29,7,5,15,15,'Giày Balenciaga Triple S',500000,'Giày Balenciaga nổi bật với kiểu dáng độc đáo','profile_pic-1701869010936.jpg',1,'2023-09-14 00:00:00','2023-09-24',25),(30,8,1,16,16,'Giày Nike React Element',270000,'Giày thể thao với công nghệ đệm React của Nike','profile_pic-1701869062047.jpg',1,'2023-09-15 00:00:00','2023-09-25',55),(31,9,5,14,13,'Giày Hoka One One Clifton',290000,'Giày chạy bộ với đệm mềm mại và êm ái','profile_pic-1701868615569.jpg',1,'2023-09-16 00:00:00','2023-09-26',45),(32,10,1,15,14,'Giày Saucony Triumph',320000,'Giày chạy bộ với công nghệ đệm tối ưu','profile_pic-1701867428434.jpg',1,'2023-09-17 00:00:00','2023-09-27',70),(33,11,5,16,15,'Giày Under Armour HOVR',280000,'Giày chạy bộ Under Armour với công nghệ đệm HOVR','profile_pic-1701867428434.jpg',0,'2023-09-18 00:00:00','2023-09-28',80),(34,6,1,14,17,'Giày Jordan 1 Retro',450000,'Giày bóng rổ Jordan với phong cách cổ điển','profile_pic-1701868681028.jpg',1,'2023-09-19 00:00:00','2023-09-29',35),(35,7,5,15,16,'Giày Fila Disruptor',150000,'Giày thể thao Fila với kiểu dáng retro','profile_pic-1701868955863.jpg',1,'2023-09-20 00:00:00','2023-09-30',90),(36,11,5,14,13,'Giày New Balance Geter ',145000,'Là loại giày thời trang đỉnh cao của New Balance với phiên bản thứ 5 trong 5 năm liên tiếp','images-1731145180801.png',1,'2024-11-09 16:39:41','2024-11-13 22:46:25',10),(38,7,1,15,14,'Giày thời trang Nike OT5',210000,'Là loại giày thời trang đỉnh cao của Nike với phiên bản thứ 5 trong 5 năm liên tiếp','images-1731403036606.png',1,'2024-11-12 16:17:17','2024-11-13 21:58:43',2),(39,8,5,16,14,'Giày thời trang Nike OT5',350000,'Là loại giày thời trang đỉnh cao của Nike với phiên bản thứ 5 trong 5 năm liên tiếp','images-1732175726241.png',1,'2024-11-21 14:55:26','2024-11-21 14:55:26',23);
/*!40000 ALTER TABLE `SAN_PHAM` ENABLE KEYS */;
UNLOCK TABLES;

--
-- Table structure for table `THANH_TOAN`
--

DROP TABLE IF EXISTS `THANH_TOAN`;
/*!40101 SET @saved_cs_client     = @@character_set_client */;
/*!50503 SET character_set_client = utf8mb4 */;
CREATE TABLE `THANH_TOAN` (
  `ID_THANH_TOAN` int(11) NOT NULL AUTO_INCREMENT,
  `PHUONG_THUC_THANH_TOAN` varchar(255) CHARACTER SET utf8mb4 COLLATE utf8mb4_unicode_ci DEFAULT NULL,
  `NGAY_THANH_TOAN` datetime DEFAULT NULL,
  `TRANG_THAI_THANH_TOAN` varchar(266) DEFAULT NULL,
  PRIMARY KEY (`ID_THANH_TOAN`)
) ENGINE=InnoDB AUTO_INCREMENT=6 DEFAULT CHARSET=latin1;
/*!40101 SET character_set_client = @saved_cs_client */;

--
-- Dumping data for table `THANH_TOAN`
--

LOCK TABLES `THANH_TOAN` WRITE;
/*!40000 ALTER TABLE `THANH_TOAN` DISABLE KEYS */;
INSERT INTO `THANH_TOAN` VALUES (1,'Momo','2024-11-12 13:49:36','1'),(2,'Thanh toán tại nhà','2024-11-12 13:49:36','1'),(5,'VNPay','2024-11-12 13:52:54','1');
/*!40000 ALTER TABLE `THANH_TOAN` ENABLE KEYS */;
UNLOCK TABLES;

--
-- Table structure for table `THUONG_HIEU`
--

DROP TABLE IF EXISTS `THUONG_HIEU`;
/*!40101 SET @saved_cs_client     = @@character_set_client */;
/*!50503 SET character_set_client = utf8mb4 */;
CREATE TABLE `THUONG_HIEU` (
  `ID_THUONG_HIEU` int(11) NOT NULL AUTO_INCREMENT,
  `TEN_THUONG_HIEU` varchar(500) CHARACTER SET utf8mb4 COLLATE utf8mb4_unicode_ci DEFAULT NULL,
  `CREATE_THUONG_HIEU` varchar(255) DEFAULT NULL,
  `UPDATE_THUONG_HIEU` datetime DEFAULT NULL,
  `TRANG_THAI_THUONG_HIEU` int(11) DEFAULT NULL,
  PRIMARY KEY (`ID_THUONG_HIEU`)
) ENGINE=InnoDB AUTO_INCREMENT=12 DEFAULT CHARSET=latin1;
/*!40101 SET character_set_client = @saved_cs_client */;

--
-- Dumping data for table `THUONG_HIEU`
--

LOCK TABLES `THUONG_HIEU` WRITE;
/*!40000 ALTER TABLE `THUONG_HIEU` DISABLE KEYS */;
INSERT INTO `THUONG_HIEU` VALUES (6,'Nike','2024-11-08 08:31:34','2024-11-12 15:15:16',0),(7,'Adidas','2024-11-08 08:31:38','2024-11-08 08:31:39',1),(8,'Puma','2024-11-08 08:31:42','2024-11-08 08:31:43',1),(9,'Converse','2024-11-08 08:31:46','2024-11-08 08:31:47',1),(10,'Vans','2024-11-08 08:31:49','2024-11-08 08:31:50',1),(11,'New Balance','2024-11-08 08:31:54','2024-11-08 08:31:55',1);
/*!40000 ALTER TABLE `THUONG_HIEU` ENABLE KEYS */;
UNLOCK TABLES;

--
-- Table structure for table `TIN_NHAN`
--

DROP TABLE IF EXISTS `TIN_NHAN`;
/*!40101 SET @saved_cs_client     = @@character_set_client */;
/*!50503 SET character_set_client = utf8mb4 */;
CREATE TABLE `TIN_NHAN` (
  `ID_TIN_NHAN` int(11) NOT NULL AUTO_INCREMENT,
  `ID_CONVERSATION` int(11) NOT NULL,
  `ID_NGUOI_DUNG` int(11) NOT NULL,
  `NGAY_TAO_TIN_NHAN` timestamp NOT NULL DEFAULT CURRENT_TIMESTAMP,
  `NOI_DUNG_TINNHAN` text COLLATE utf8mb4_unicode_ci NOT NULL,
  PRIMARY KEY (`ID_TIN_NHAN`),
  KEY `ID_CONVERSATION` (`ID_CONVERSATION`),
  KEY `ID_NGUOI_DUNG` (`ID_NGUOI_DUNG`),
  CONSTRAINT `TIN_NHAN_ibfk_1` FOREIGN KEY (`ID_CONVERSATION`) REFERENCES `CONVERSATIONS` (`ID_CONVERSATION`) ON DELETE CASCADE,
  CONSTRAINT `TIN_NHAN_ibfk_2` FOREIGN KEY (`ID_NGUOI_DUNG`) REFERENCES `NGUOI_DUNG` (`ID_NGUOI_DUNG`) ON DELETE CASCADE
) ENGINE=InnoDB AUTO_INCREMENT=261 DEFAULT CHARSET=utf8mb4 COLLATE=utf8mb4_unicode_ci;
/*!40101 SET character_set_client = @saved_cs_client */;

--
-- Dumping data for table `TIN_NHAN`
--

LOCK TABLES `TIN_NHAN` WRITE;
/*!40000 ALTER TABLE `TIN_NHAN` DISABLE KEYS */;
INSERT INTO `TIN_NHAN` VALUES (211,4,3,'2024-11-27 07:45:40','asdad'),(212,4,3,'2024-11-27 07:48:52','ádads'),(213,4,3,'2024-11-27 07:48:53','ádadasdasd'),(214,4,3,'2024-11-27 12:47:42','xin chào'),(215,4,6,'2024-11-27 12:47:45','xin chào'),(216,4,6,'2024-11-27 12:47:49','bạn thích nói gì k '),(217,4,3,'2024-11-27 12:48:41','ádasd'),(218,4,3,'2024-11-27 12:48:42','ádad'),(219,4,3,'2024-11-27 12:48:43','ádádasd'),(220,4,3,'2024-11-27 12:48:44','adasd'),(221,4,3,'2024-11-27 12:49:48',' bạn nói cái gì?'),(222,4,3,'2024-11-27 12:49:51','hả ?'),(223,4,6,'2024-11-27 12:49:57','tôi nói gì đâu?'),(224,4,6,'2024-11-27 12:50:07','1'),(225,4,6,'2024-11-27 12:50:07','1'),(226,4,6,'2024-11-27 12:50:08','1'),(227,4,6,'2024-11-27 12:50:08','1'),(228,4,3,'2024-11-27 12:50:30','adadaád'),(229,4,3,'2024-11-27 12:51:15','ádasda'),(230,4,6,'2024-11-27 12:51:24','ádasd'),(231,4,6,'2024-11-27 12:51:25','ád'),(232,4,6,'2024-11-27 12:51:26','hihi'),(233,4,3,'2024-11-27 12:57:22','chào bạn '),(234,4,3,'2024-11-27 12:59:50','chàoo'),(235,4,3,'2024-11-27 13:00:19','chào phúc ơi'),(236,4,3,'2024-11-27 13:12:24','sadasd'),(237,4,3,'2024-11-27 13:13:15','ádasd'),(238,4,3,'2024-11-27 13:13:25','hihih'),(239,4,3,'2024-11-27 13:16:35','CHÀO BẠN'),(240,4,6,'2024-11-27 13:16:42','chào bạn'),(241,5,3,'2024-11-28 08:59:24','ád'),(242,5,3,'2024-11-28 09:23:53','adasd'),(243,5,3,'2024-11-28 11:33:30','adad'),(244,5,3,'2024-11-28 11:33:32','adadad'),(245,5,3,'2024-11-28 11:33:32','asda'),(246,5,3,'2024-11-28 11:33:32','da'),(247,5,3,'2024-11-28 11:33:32','da'),(248,5,3,'2024-11-28 11:33:33','d'),(249,4,6,'2024-11-29 02:13:19','asdasd'),(250,4,6,'2024-12-01 07:50:12','hello shop'),(251,4,3,'2024-12-01 07:50:19','coó chuyện gì k b '),(252,4,6,'2024-12-01 07:50:27','muốn mua hàng'),(253,5,3,'2024-12-10 07:16:36','hi'),(254,4,6,'2024-12-10 17:36:07','ádasd'),(255,4,3,'2024-12-10 17:36:11','hello bạn'),(256,4,6,'2024-12-10 17:36:16','tôi muốn mua hàng '),(257,4,3,'2024-12-10 17:36:19','oke bạn '),(258,4,3,'2024-12-11 12:27:14','hi '),(259,6,3,'2024-12-11 12:30:19','asdasd'),(260,6,3,'2024-12-11 12:30:20','asdasd');
/*!40000 ALTER TABLE `TIN_NHAN` ENABLE KEYS */;
UNLOCK TABLES;

--
-- Table structure for table `YEU_THICH`
--

DROP TABLE IF EXISTS `YEU_THICH`;
/*!40101 SET @saved_cs_client     = @@character_set_client */;
/*!50503 SET character_set_client = utf8mb4 */;
CREATE TABLE `YEU_THICH` (
  `ID_YEU_THICH` int(11) NOT NULL AUTO_INCREMENT,
  `ID_SAN_PHAM` int(11) NOT NULL,
  `ID_NGUOI_DUNG` int(11) NOT NULL,
  `NGAY_YEU_THICH` datetime DEFAULT CURRENT_TIMESTAMP,
  PRIMARY KEY (`ID_YEU_THICH`),
  KEY `FK_YEU_THIC_CO_YEU_TH_NGUOI_DU` (`ID_NGUOI_DUNG`),
  KEY `FK_YEU_THIC__UOC_SAN_PHAM` (`ID_SAN_PHAM`),
  CONSTRAINT `FK_YEU_THIC_CO_YEU_TH_NGUOI_DU` FOREIGN KEY (`ID_NGUOI_DUNG`) REFERENCES `NGUOI_DUNG` (`ID_NGUOI_DUNG`),
  CONSTRAINT `FK_YEU_THIC__UOC_SAN_PHAM` FOREIGN KEY (`ID_SAN_PHAM`) REFERENCES `SAN_PHAM` (`ID_SAN_PHAM`)
) ENGINE=InnoDB AUTO_INCREMENT=55 DEFAULT CHARSET=latin1;
/*!40101 SET character_set_client = @saved_cs_client */;

--
-- Dumping data for table `YEU_THICH`
--

LOCK TABLES `YEU_THICH` WRITE;
/*!40000 ALTER TABLE `YEU_THICH` DISABLE KEYS */;
INSERT INTO `YEU_THICH` VALUES (49,5,6,'2024-11-21 08:02:19'),(50,8,6,'2024-11-21 08:02:27'),(51,11,6,'2024-11-21 08:02:30'),(52,8,3,'2024-11-25 21:59:16'),(53,11,3,'2024-11-26 08:52:00'),(54,17,3,'2024-12-10 06:51:46');
/*!40000 ALTER TABLE `YEU_THICH` ENABLE KEYS */;
UNLOCK TABLES;

--
-- Dumping routines for database 'PhucShoe2'
--
/*!40103 SET TIME_ZONE=@OLD_TIME_ZONE */;

/*!40101 SET SQL_MODE=@OLD_SQL_MODE */;
/*!40014 SET FOREIGN_KEY_CHECKS=@OLD_FOREIGN_KEY_CHECKS */;
/*!40014 SET UNIQUE_CHECKS=@OLD_UNIQUE_CHECKS */;
/*!40101 SET CHARACTER_SET_CLIENT=@OLD_CHARACTER_SET_CLIENT */;
/*!40101 SET CHARACTER_SET_RESULTS=@OLD_CHARACTER_SET_RESULTS */;
/*!40101 SET COLLATION_CONNECTION=@OLD_COLLATION_CONNECTION */;
/*!40111 SET SQL_NOTES=@OLD_SQL_NOTES */;

-- Dump completed on 2024-12-13 21:57:25
